CREATE TABLE IF NOT EXISTS "auth_group" ("id" integer NOT NULL PRIMARY KEY AUTOINCREMENT, "name" varchar(150) NOT NULL UNIQUE);
CREATE UNIQUE INDEX "auth_group_permissions_group_id_permission_id_0cd325b0_uniq" ON "auth_group_permissions" ("group_id", "permission_id");
CREATE INDEX IF NOT EXISTS "auth_group_permissions_group_id_b120cbf9" ON "auth_group_permissions" ("group_id");
CREATE INDEX IF NOT EXISTS "auth_group_permissions_permission_id_84c5c92e" ON "auth_group_permissions" ("permission_id");
CREATE UNIQUE INDEX "auth_user_groups_user_id_group_id_94350c0c_uniq" ON "auth_user_groups" ("user_id", "group_id");
CREATE INDEX IF NOT EXISTS "auth_user_groups_user_id_6a12ed8b" ON "auth_user_groups" ("user_id");
CREATE INDEX IF NOT EXISTS "auth_user_groups_group_id_97559544" ON "auth_user_groups" ("group_id");
CREATE UNIQUE INDEX "auth_user_user_permissions_user_id_permission_id_14a6b632_uniq" ON "auth_user_user_permissions" ("user_id", "permission_id");
CREATE INDEX IF NOT EXISTS "auth_user_user_permissions_user_id_a95ead1b" ON "auth_user_user_permissions" ("user_id");
CREATE INDEX IF NOT EXISTS "auth_user_user_permissions_permission_id_1fbb5f2c" ON "auth_user_user_permissions" ("permission_id");
CREATE INDEX IF NOT EXISTS "django_admin_log_content_type_id_c4bce8eb" ON "django_admin_log" ("content_type_id");
CREATE INDEX IF NOT EXISTS "django_admin_log_user_id_c564eba6" ON "django_admin_log" ("user_id");
CREATE UNIQUE INDEX "django_content_type_app_label_model_76bd3d3b_uniq" ON "django_content_type" ("app_label", "model");
CREATE UNIQUE INDEX "auth_permission_content_type_id_codename_01ab375a_uniq" ON "auth_permission" ("content_type_id", "codename");
CREATE INDEX IF NOT EXISTS "auth_permission_content_type_id_2f476e4b" ON "auth_permission" ("content_type_id");
CREATE INDEX IF NOT EXISTS "django_session_expire_date_a5c62663" ON "django_session" ("expire_date");
CREATE INDEX IF NOT EXISTS "stock_purchasehistory_item_id_cf23b926" ON "stock_purchasehistory" ("item_id");
CREATE INDEX IF NOT EXISTS "stock_item_parent_id_2d0db498" ON "stock_item" ("parent_id");
CREATE INDEX IF NOT EXISTS "stock_warehouse_material_id_b77f0fd8" ON "stock_warehouse" ("material_id");
CREATE UNIQUE INDEX "stock_material_role_material_id_role_id_7aaba6fc_uniq" ON "stock_material_role" ("material_id", "role_id");
CREATE INDEX IF NOT EXISTS "stock_material_role_material_id_9dd0cc85" ON "stock_material_role" ("material_id");
CREATE INDEX IF NOT EXISTS "stock_material_role_role_id_ee7e0052" ON "stock_material_role" ("role_id");
CREATE UNIQUE INDEX "stock_shoppinghistory_role_shoppinghistory_id_role_id_ea48a7bb_uniq" ON "stock_shoppinghistory_role" ("shoppinghistory_id", "role_id");
CREATE INDEX IF NOT EXISTS "stock_shoppinghistory_role_shoppinghistory_id_e1839bdd" ON "stock_shoppinghistory_role" ("shoppinghistory_id");
CREATE INDEX IF NOT EXISTS "stock_shoppinghistory_role_role_id_81d25ce9" ON "stock_shoppinghistory_role" ("role_id");
CREATE INDEX IF NOT EXISTS "stock_material_item_id_d564d6b7" ON "stock_material" ("item_id");
CREATE TABLE IF NOT EXISTS "auth_group_permissions" ("id" integer NOT NULL PRIMARY KEY AUTOINCREMENT, "group_id" integer NOT NULL REFERENCES "auth_group" ("id") DEFERRABLE INITIALLY DEFERRED, "permission_id" integer NOT NULL REFERENCES "auth_permission" ("id") DEFERRABLE INITIALLY DEFERRED);
CREATE UNIQUE INDEX "auth_group_permissions_group_id_permission_id_0cd325b0_uniq" ON "auth_group_permissions" ("group_id", "permission_id");
CREATE INDEX IF NOT EXISTS "auth_group_permissions_group_id_b120cbf9" ON "auth_group_permissions" ("group_id");
CREATE INDEX IF NOT EXISTS "auth_group_permissions_permission_id_84c5c92e" ON "auth_group_permissions" ("permission_id");
CREATE UNIQUE INDEX "auth_user_groups_user_id_group_id_94350c0c_uniq" ON "auth_user_groups" ("user_id", "group_id");
CREATE INDEX IF NOT EXISTS "auth_user_groups_user_id_6a12ed8b" ON "auth_user_groups" ("user_id");
CREATE INDEX IF NOT EXISTS "auth_user_groups_group_id_97559544" ON "auth_user_groups" ("group_id");
CREATE UNIQUE INDEX "auth_user_user_permissions_user_id_permission_id_14a6b632_uniq" ON "auth_user_user_permissions" ("user_id", "permission_id");
CREATE INDEX IF NOT EXISTS "auth_user_user_permissions_user_id_a95ead1b" ON "auth_user_user_permissions" ("user_id");
CREATE INDEX IF NOT EXISTS "auth_user_user_permissions_permission_id_1fbb5f2c" ON "auth_user_user_permissions" ("permission_id");
CREATE INDEX IF NOT EXISTS "django_admin_log_content_type_id_c4bce8eb" ON "django_admin_log" ("content_type_id");
CREATE INDEX IF NOT EXISTS "django_admin_log_user_id_c564eba6" ON "django_admin_log" ("user_id");
CREATE UNIQUE INDEX "django_content_type_app_label_model_76bd3d3b_uniq" ON "django_content_type" ("app_label", "model");
CREATE UNIQUE INDEX "auth_permission_content_type_id_codename_01ab375a_uniq" ON "auth_permission" ("content_type_id", "codename");
CREATE INDEX IF NOT EXISTS "auth_permission_content_type_id_2f476e4b" ON "auth_permission" ("content_type_id");
CREATE INDEX IF NOT EXISTS "django_session_expire_date_a5c62663" ON "django_session" ("expire_date");
CREATE INDEX IF NOT EXISTS "stock_purchasehistory_item_id_cf23b926" ON "stock_purchasehistory" ("item_id");
CREATE INDEX IF NOT EXISTS "stock_item_parent_id_2d0db498" ON "stock_item" ("parent_id");
CREATE INDEX IF NOT EXISTS "stock_warehouse_material_id_b77f0fd8" ON "stock_warehouse" ("material_id");
CREATE UNIQUE INDEX "stock_material_role_material_id_role_id_7aaba6fc_uniq" ON "stock_material_role" ("material_id", "role_id");
CREATE INDEX IF NOT EXISTS "stock_material_role_material_id_9dd0cc85" ON "stock_material_role" ("material_id");
CREATE INDEX IF NOT EXISTS "stock_material_role_role_id_ee7e0052" ON "stock_material_role" ("role_id");
CREATE UNIQUE INDEX "stock_shoppinghistory_role_shoppinghistory_id_role_id_ea48a7bb_uniq" ON "stock_shoppinghistory_role" ("shoppinghistory_id", "role_id");
CREATE INDEX IF NOT EXISTS "stock_shoppinghistory_role_shoppinghistory_id_e1839bdd" ON "stock_shoppinghistory_role" ("shoppinghistory_id");
CREATE INDEX IF NOT EXISTS "stock_shoppinghistory_role_role_id_81d25ce9" ON "stock_shoppinghistory_role" ("role_id");
CREATE INDEX IF NOT EXISTS "stock_material_item_id_d564d6b7" ON "stock_material" ("item_id");
CREATE TABLE IF NOT EXISTS "auth_permission" ("id" integer NOT NULL PRIMARY KEY AUTOINCREMENT, "content_type_id" integer NOT NULL REFERENCES "django_content_type" ("id") DEFERRABLE INITIALLY DEFERRED, "codename" varchar(100) NOT NULL, "name" varchar(255) NOT NULL);
INSERT INTO "auth_permission" VALUES(1,3,'add_logentry','Can add log entry');
INSERT INTO "auth_permission" VALUES(2,3,'change_logentry','Can change log entry');
INSERT INTO "auth_permission" VALUES(3,3,'delete_logentry','Can delete log entry');
INSERT INTO "auth_permission" VALUES(4,3,'view_logentry','Can view log entry');
INSERT INTO "auth_permission" VALUES(5,4,'add_permission','Can add permission');
INSERT INTO "auth_permission" VALUES(6,4,'change_permission','Can change permission');
INSERT INTO "auth_permission" VALUES(7,4,'delete_permission','Can delete permission');
INSERT INTO "auth_permission" VALUES(8,4,'view_permission','Can view permission');
INSERT INTO "auth_permission" VALUES(9,5,'add_group','Can add group');
INSERT INTO "auth_permission" VALUES(10,5,'change_group','Can change group');
INSERT INTO "auth_permission" VALUES(11,5,'delete_group','Can delete group');
INSERT INTO "auth_permission" VALUES(12,5,'view_group','Can view group');
INSERT INTO "auth_permission" VALUES(13,6,'add_user','Can add user');
INSERT INTO "auth_permission" VALUES(14,6,'change_user','Can change user');
INSERT INTO "auth_permission" VALUES(15,6,'delete_user','Can delete user');
INSERT INTO "auth_permission" VALUES(16,6,'view_user','Can view user');
INSERT INTO "auth_permission" VALUES(17,7,'add_contenttype','Can add content type');
INSERT INTO "auth_permission" VALUES(18,7,'change_contenttype','Can change content type');
INSERT INTO "auth_permission" VALUES(19,7,'delete_contenttype','Can delete content type');
INSERT INTO "auth_permission" VALUES(20,7,'view_contenttype','Can view content type');
INSERT INTO "auth_permission" VALUES(21,8,'add_session','Can add session');
INSERT INTO "auth_permission" VALUES(22,8,'change_session','Can change session');
INSERT INTO "auth_permission" VALUES(23,8,'delete_session','Can delete session');
INSERT INTO "auth_permission" VALUES(24,8,'view_session','Can view session');
INSERT INTO "auth_permission" VALUES(25,9,'add_parentcategory','Can add parent category');
INSERT INTO "auth_permission" VALUES(26,9,'change_parentcategory','Can change parent category');
INSERT INTO "auth_permission" VALUES(27,9,'delete_parentcategory','Can delete parent category');
INSERT INTO "auth_permission" VALUES(28,9,'view_parentcategory','Can view parent category');
INSERT INTO "auth_permission" VALUES(29,10,'add_item','Can add item');
INSERT INTO "auth_permission" VALUES(30,10,'change_item','Can change item');
INSERT INTO "auth_permission" VALUES(31,10,'delete_item','Can delete item');
INSERT INTO "auth_permission" VALUES(32,10,'view_item','Can view item');
INSERT INTO "auth_permission" VALUES(33,11,'add_material','Can add material');
INSERT INTO "auth_permission" VALUES(34,11,'change_material','Can change material');
INSERT INTO "auth_permission" VALUES(35,11,'delete_material','Can delete material');
INSERT INTO "auth_permission" VALUES(36,11,'view_material','Can view material');
INSERT INTO "auth_permission" VALUES(37,1,'add_shoppinghistory','Can add shopping history');
INSERT INTO "auth_permission" VALUES(38,1,'change_shoppinghistory','Can change shopping history');
INSERT INTO "auth_permission" VALUES(39,1,'delete_shoppinghistory','Can delete shopping history');
INSERT INTO "auth_permission" VALUES(40,1,'view_shoppinghistory','Can view shopping history');
INSERT INTO "auth_permission" VALUES(41,2,'add_shoppinghistoryproxy','Can add shopping history proxy');
INSERT INTO "auth_permission" VALUES(42,2,'change_shoppinghistoryproxy','Can change shopping history proxy');
INSERT INTO "auth_permission" VALUES(43,2,'delete_shoppinghistoryproxy','Can delete shopping history proxy');
INSERT INTO "auth_permission" VALUES(44,2,'view_shoppinghistoryproxy','Can view shopping history proxy');
INSERT INTO "auth_permission" VALUES(45,12,'add_warehouse','Can add warehouse');
INSERT INTO "auth_permission" VALUES(46,12,'change_warehouse','Can change warehouse');
INSERT INTO "auth_permission" VALUES(47,12,'delete_warehouse','Can delete warehouse');
INSERT INTO "auth_permission" VALUES(48,12,'view_warehouse','Can view warehouse');
INSERT INTO "auth_permission" VALUES(49,13,'add_purchasehistory','Can add purchase history');
INSERT INTO "auth_permission" VALUES(50,13,'change_purchasehistory','Can change purchase history');
INSERT INTO "auth_permission" VALUES(51,13,'delete_purchasehistory','Can delete purchase history');
INSERT INTO "auth_permission" VALUES(52,13,'view_purchasehistory','Can view purchase history');
INSERT INTO "auth_permission" VALUES(53,14,'add_weight','Can add weight');
INSERT INTO "auth_permission" VALUES(54,14,'change_weight','Can change weight');
INSERT INTO "auth_permission" VALUES(55,14,'delete_weight','Can delete weight');
INSERT INTO "auth_permission" VALUES(56,14,'view_weight','Can view weight');
INSERT INTO "auth_permission" VALUES(57,16,'add_warehousehistory','Can add warehouse history');
INSERT INTO "auth_permission" VALUES(58,16,'change_warehousehistory','Can change warehouse history');
INSERT INTO "auth_permission" VALUES(59,16,'delete_warehousehistory','Can delete warehouse history');
INSERT INTO "auth_permission" VALUES(60,16,'view_warehousehistory','Can view warehouse history');
INSERT INTO "auth_permission" VALUES(61,15,'add_materialproxy','Can add material proxy');
INSERT INTO "auth_permission" VALUES(62,15,'change_materialproxy','Can change material proxy');
INSERT INTO "auth_permission" VALUES(63,15,'delete_materialproxy','Can delete material proxy');
INSERT INTO "auth_permission" VALUES(64,15,'view_materialproxy','Can view material proxy');
INSERT INTO "auth_permission" VALUES(65,17,'add_role','Can add role');
INSERT INTO "auth_permission" VALUES(66,17,'change_role','Can change role');
INSERT INTO "auth_permission" VALUES(67,17,'delete_role','Can delete role');
INSERT INTO "auth_permission" VALUES(68,17,'view_role','Can view role');
CREATE UNIQUE INDEX "auth_group_permissions_group_id_permission_id_0cd325b0_uniq" ON "auth_group_permissions" ("group_id", "permission_id");
CREATE INDEX IF NOT EXISTS "auth_group_permissions_group_id_b120cbf9" ON "auth_group_permissions" ("group_id");
CREATE INDEX IF NOT EXISTS "auth_group_permissions_permission_id_84c5c92e" ON "auth_group_permissions" ("permission_id");
CREATE UNIQUE INDEX "auth_user_groups_user_id_group_id_94350c0c_uniq" ON "auth_user_groups" ("user_id", "group_id");
CREATE INDEX IF NOT EXISTS "auth_user_groups_user_id_6a12ed8b" ON "auth_user_groups" ("user_id");
CREATE INDEX IF NOT EXISTS "auth_user_groups_group_id_97559544" ON "auth_user_groups" ("group_id");
CREATE UNIQUE INDEX "auth_user_user_permissions_user_id_permission_id_14a6b632_uniq" ON "auth_user_user_permissions" ("user_id", "permission_id");
CREATE INDEX IF NOT EXISTS "auth_user_user_permissions_user_id_a95ead1b" ON "auth_user_user_permissions" ("user_id");
CREATE INDEX IF NOT EXISTS "auth_user_user_permissions_permission_id_1fbb5f2c" ON "auth_user_user_permissions" ("permission_id");
CREATE INDEX IF NOT EXISTS "django_admin_log_content_type_id_c4bce8eb" ON "django_admin_log" ("content_type_id");
CREATE INDEX IF NOT EXISTS "django_admin_log_user_id_c564eba6" ON "django_admin_log" ("user_id");
CREATE UNIQUE INDEX "django_content_type_app_label_model_76bd3d3b_uniq" ON "django_content_type" ("app_label", "model");
CREATE UNIQUE INDEX "auth_permission_content_type_id_codename_01ab375a_uniq" ON "auth_permission" ("content_type_id", "codename");
CREATE INDEX IF NOT EXISTS "auth_permission_content_type_id_2f476e4b" ON "auth_permission" ("content_type_id");
CREATE INDEX IF NOT EXISTS "django_session_expire_date_a5c62663" ON "django_session" ("expire_date");
CREATE INDEX IF NOT EXISTS "stock_purchasehistory_item_id_cf23b926" ON "stock_purchasehistory" ("item_id");
CREATE INDEX IF NOT EXISTS "stock_item_parent_id_2d0db498" ON "stock_item" ("parent_id");
CREATE INDEX IF NOT EXISTS "stock_warehouse_material_id_b77f0fd8" ON "stock_warehouse" ("material_id");
CREATE UNIQUE INDEX "stock_material_role_material_id_role_id_7aaba6fc_uniq" ON "stock_material_role" ("material_id", "role_id");
CREATE INDEX IF NOT EXISTS "stock_material_role_material_id_9dd0cc85" ON "stock_material_role" ("material_id");
CREATE INDEX IF NOT EXISTS "stock_material_role_role_id_ee7e0052" ON "stock_material_role" ("role_id");
CREATE UNIQUE INDEX "stock_shoppinghistory_role_shoppinghistory_id_role_id_ea48a7bb_uniq" ON "stock_shoppinghistory_role" ("shoppinghistory_id", "role_id");
CREATE INDEX IF NOT EXISTS "stock_shoppinghistory_role_shoppinghistory_id_e1839bdd" ON "stock_shoppinghistory_role" ("shoppinghistory_id");
CREATE INDEX IF NOT EXISTS "stock_shoppinghistory_role_role_id_81d25ce9" ON "stock_shoppinghistory_role" ("role_id");
CREATE INDEX IF NOT EXISTS "stock_material_item_id_d564d6b7" ON "stock_material" ("item_id");
CREATE TABLE IF NOT EXISTS "auth_user" ("id" integer NOT NULL PRIMARY KEY AUTOINCREMENT, "password" varchar(128) NOT NULL, "last_login" datetime NULL, "is_superuser" bool NOT NULL, "username" varchar(150) NOT NULL UNIQUE, "last_name" varchar(150) NOT NULL, "email" varchar(254) NOT NULL, "is_staff" bool NOT NULL, "is_active" bool NOT NULL, "date_joined" datetime NOT NULL, "first_name" varchar(150) NOT NULL);
INSERT INTO "auth_user" VALUES(7,'pbkdf2_sha256$390000$hLC2xMCXGLnOB4o7dqh3Wx$TWXXo7W9P/z8VlmQnbqLRHm7Kd0Q1UOWsoNGKRCXlos=','2023-03-28 12:17:31.351481',1,'kouda','','kouda@gmail.com',1,1,'2023-03-24 06:50:43.427246','');
INSERT INTO "auth_user" VALUES(8,'pbkdf2_sha256$390000$pKLYkOR2nP36cohEvyn40n$8uCRAHoxyWOnEP8AMdcoV+ydJi2FyE1NpmIz7eynPRM=','2023-03-27 03:20:28',1,'ceo_kan','','',1,1,'2023-03-27 00:29:04','');
INSERT INTO "auth_user" VALUES(9,'pbkdf2_sha256$390000$AvfE8gjRGlmaQZa9aZ5k4W$DnkFeePnWQEnkyS1cvEKXu7JHLuDZIXlLnKw0/gUxm0=','2023-04-25 12:07:14',1,'warehouse','','',1,1,'2023-03-27 00:35:43','');
INSERT INTO "auth_user" VALUES(10,'pbkdf2_sha256$390000$f8ttIjEaUms25XCAffIgKy$q28q9aqBFREMLiVSW571CSccS2V+1IgoCS36cEW7V70=','2023-04-28 20:58:42.618236',1,'mizuto','','',1,1,'2023-03-27 00:36:38','');
INSERT INTO "auth_user" VALUES(11,'pbkdf2_sha256$390000$TI0SOuEBPD1um10szxazVH$K211NgIFO4tqtgTZ4GJR6mO2plj2bQKS+2dQe3QdM48=','2023-03-27 00:46:39.663742',0,'stores','','',1,1,'2023-03-27 00:39:13','');
INSERT INTO "auth_user" VALUES(12,'pbkdf2_sha256$390000$mAjquiwEU4qetrESciclbV$ypjTP1XcJ5TFl1SsBeIywHqwE88VZ5Yep6BTskvbHts=','2023-04-24 02:55:13.841658',1,'zirou','','zrou@gmail.com',1,1,'2023-04-24 01:24:20.451088','');
INSERT INTO "auth_user" VALUES(13,'pbkdf2_sha256$390000$f32tOxUQKMxusage3xzotR$fLthN105ns6RxuIbeWEEGUcu/BFrXj3j4Oi34v388Nk=','2023-04-26 03:46:45',0,'kojo.westside','','',1,1,'2023-04-24 03:54:13','');
INSERT INTO "auth_user" VALUES(14,'pbkdf2_sha256$390000$3ShaXBPwdfhpoXT9oHYUdd$HYt7FaP1qmwBYrtHqz0vqDkpqgff1wgqvkQdU2gEZbg=','2023-04-26 04:18:33',0,'koya.penticton','','',1,1,'2023-04-24 03:54:32','');
INSERT INTO "auth_user" VALUES(15,'pbkdf2_sha256$390000$IBOjj1Z1xX3BVfRS8M8ZEe$TqelabDNlmMcbdkWKYnXkjcBbM/abiDs1iq0+c45Vnc=','2023-04-27 05:41:04.382184',0,'kojo.pentiction','','',1,1,'2023-04-24 03:56:20','');
CREATE UNIQUE INDEX "auth_group_permissions_group_id_permission_id_0cd325b0_uniq" ON "auth_group_permissions" ("group_id", "permission_id");
CREATE INDEX IF NOT EXISTS "auth_group_permissions_group_id_b120cbf9" ON "auth_group_permissions" ("group_id");
CREATE INDEX IF NOT EXISTS "auth_group_permissions_permission_id_84c5c92e" ON "auth_group_permissions" ("permission_id");
CREATE UNIQUE INDEX "auth_user_groups_user_id_group_id_94350c0c_uniq" ON "auth_user_groups" ("user_id", "group_id");
CREATE INDEX IF NOT EXISTS "auth_user_groups_user_id_6a12ed8b" ON "auth_user_groups" ("user_id");
CREATE INDEX IF NOT EXISTS "auth_user_groups_group_id_97559544" ON "auth_user_groups" ("group_id");
CREATE UNIQUE INDEX "auth_user_user_permissions_user_id_permission_id_14a6b632_uniq" ON "auth_user_user_permissions" ("user_id", "permission_id");
CREATE INDEX IF NOT EXISTS "auth_user_user_permissions_user_id_a95ead1b" ON "auth_user_user_permissions" ("user_id");
CREATE INDEX IF NOT EXISTS "auth_user_user_permissions_permission_id_1fbb5f2c" ON "auth_user_user_permissions" ("permission_id");
CREATE INDEX IF NOT EXISTS "django_admin_log_content_type_id_c4bce8eb" ON "django_admin_log" ("content_type_id");
CREATE INDEX IF NOT EXISTS "django_admin_log_user_id_c564eba6" ON "django_admin_log" ("user_id");
CREATE UNIQUE INDEX "django_content_type_app_label_model_76bd3d3b_uniq" ON "django_content_type" ("app_label", "model");
CREATE UNIQUE INDEX "auth_permission_content_type_id_codename_01ab375a_uniq" ON "auth_permission" ("content_type_id", "codename");
CREATE INDEX IF NOT EXISTS "auth_permission_content_type_id_2f476e4b" ON "auth_permission" ("content_type_id");
CREATE INDEX IF NOT EXISTS "django_session_expire_date_a5c62663" ON "django_session" ("expire_date");
CREATE INDEX IF NOT EXISTS "stock_purchasehistory_item_id_cf23b926" ON "stock_purchasehistory" ("item_id");
CREATE INDEX IF NOT EXISTS "stock_item_parent_id_2d0db498" ON "stock_item" ("parent_id");
CREATE INDEX IF NOT EXISTS "stock_warehouse_material_id_b77f0fd8" ON "stock_warehouse" ("material_id");
CREATE UNIQUE INDEX "stock_material_role_material_id_role_id_7aaba6fc_uniq" ON "stock_material_role" ("material_id", "role_id");
CREATE INDEX IF NOT EXISTS "stock_material_role_material_id_9dd0cc85" ON "stock_material_role" ("material_id");
CREATE INDEX IF NOT EXISTS "stock_material_role_role_id_ee7e0052" ON "stock_material_role" ("role_id");
CREATE UNIQUE INDEX "stock_shoppinghistory_role_shoppinghistory_id_role_id_ea48a7bb_uniq" ON "stock_shoppinghistory_role" ("shoppinghistory_id", "role_id");
CREATE INDEX IF NOT EXISTS "stock_shoppinghistory_role_shoppinghistory_id_e1839bdd" ON "stock_shoppinghistory_role" ("shoppinghistory_id");
CREATE INDEX IF NOT EXISTS "stock_shoppinghistory_role_role_id_81d25ce9" ON "stock_shoppinghistory_role" ("role_id");
CREATE INDEX IF NOT EXISTS "stock_material_item_id_d564d6b7" ON "stock_material" ("item_id");
CREATE TABLE IF NOT EXISTS "auth_user_groups" ("id" integer NOT NULL PRIMARY KEY AUTOINCREMENT, "user_id" integer NOT NULL REFERENCES "auth_user" ("id") DEFERRABLE INITIALLY DEFERRED, "group_id" integer NOT NULL REFERENCES "auth_group" ("id") DEFERRABLE INITIALLY DEFERRED);
CREATE UNIQUE INDEX "auth_group_permissions_group_id_permission_id_0cd325b0_uniq" ON "auth_group_permissions" ("group_id", "permission_id");
CREATE INDEX IF NOT EXISTS "auth_group_permissions_group_id_b120cbf9" ON "auth_group_permissions" ("group_id");
CREATE INDEX IF NOT EXISTS "auth_group_permissions_permission_id_84c5c92e" ON "auth_group_permissions" ("permission_id");
CREATE UNIQUE INDEX "auth_user_groups_user_id_group_id_94350c0c_uniq" ON "auth_user_groups" ("user_id", "group_id");
CREATE INDEX IF NOT EXISTS "auth_user_groups_user_id_6a12ed8b" ON "auth_user_groups" ("user_id");
CREATE INDEX IF NOT EXISTS "auth_user_groups_group_id_97559544" ON "auth_user_groups" ("group_id");
CREATE UNIQUE INDEX "auth_user_user_permissions_user_id_permission_id_14a6b632_uniq" ON "auth_user_user_permissions" ("user_id", "permission_id");
CREATE INDEX IF NOT EXISTS "auth_user_user_permissions_user_id_a95ead1b" ON "auth_user_user_permissions" ("user_id");
CREATE INDEX IF NOT EXISTS "auth_user_user_permissions_permission_id_1fbb5f2c" ON "auth_user_user_permissions" ("permission_id");
CREATE INDEX IF NOT EXISTS "django_admin_log_content_type_id_c4bce8eb" ON "django_admin_log" ("content_type_id");
CREATE INDEX IF NOT EXISTS "django_admin_log_user_id_c564eba6" ON "django_admin_log" ("user_id");
CREATE UNIQUE INDEX "django_content_type_app_label_model_76bd3d3b_uniq" ON "django_content_type" ("app_label", "model");
CREATE UNIQUE INDEX "auth_permission_content_type_id_codename_01ab375a_uniq" ON "auth_permission" ("content_type_id", "codename");
CREATE INDEX IF NOT EXISTS "auth_permission_content_type_id_2f476e4b" ON "auth_permission" ("content_type_id");
CREATE INDEX IF NOT EXISTS "django_session_expire_date_a5c62663" ON "django_session" ("expire_date");
CREATE INDEX IF NOT EXISTS "stock_purchasehistory_item_id_cf23b926" ON "stock_purchasehistory" ("item_id");
CREATE INDEX IF NOT EXISTS "stock_item_parent_id_2d0db498" ON "stock_item" ("parent_id");
CREATE INDEX IF NOT EXISTS "stock_warehouse_material_id_b77f0fd8" ON "stock_warehouse" ("material_id");
CREATE UNIQUE INDEX "stock_material_role_material_id_role_id_7aaba6fc_uniq" ON "stock_material_role" ("material_id", "role_id");
CREATE INDEX IF NOT EXISTS "stock_material_role_material_id_9dd0cc85" ON "stock_material_role" ("material_id");
CREATE INDEX IF NOT EXISTS "stock_material_role_role_id_ee7e0052" ON "stock_material_role" ("role_id");
CREATE UNIQUE INDEX "stock_shoppinghistory_role_shoppinghistory_id_role_id_ea48a7bb_uniq" ON "stock_shoppinghistory_role" ("shoppinghistory_id", "role_id");
CREATE INDEX IF NOT EXISTS "stock_shoppinghistory_role_shoppinghistory_id_e1839bdd" ON "stock_shoppinghistory_role" ("shoppinghistory_id");
CREATE INDEX IF NOT EXISTS "stock_shoppinghistory_role_role_id_81d25ce9" ON "stock_shoppinghistory_role" ("role_id");
CREATE INDEX IF NOT EXISTS "stock_material_item_id_d564d6b7" ON "stock_material" ("item_id");
CREATE TABLE IF NOT EXISTS "auth_user_user_permissions" ("id" integer NOT NULL PRIMARY KEY AUTOINCREMENT, "user_id" integer NOT NULL REFERENCES "auth_user" ("id") DEFERRABLE INITIALLY DEFERRED, "permission_id" integer NOT NULL REFERENCES "auth_permission" ("id") DEFERRABLE INITIALLY DEFERRED);
INSERT INTO "auth_user_user_permissions" VALUES(17,11,40);
INSERT INTO "auth_user_user_permissions" VALUES(18,11,41);
INSERT INTO "auth_user_user_permissions" VALUES(19,11,44);
INSERT INTO "auth_user_user_permissions" VALUES(20,11,37);
INSERT INTO "auth_user_user_permissions" VALUES(23,15,37);
INSERT INTO "auth_user_user_permissions" VALUES(27,13,37);
INSERT INTO "auth_user_user_permissions" VALUES(31,14,37);
INSERT INTO "auth_user_user_permissions" VALUES(33,15,40);
INSERT INTO "auth_user_user_permissions" VALUES(34,13,40);
INSERT INTO "auth_user_user_permissions" VALUES(35,14,40);
INSERT INTO "auth_user_user_permissions" VALUES(36,15,41);
INSERT INTO "auth_user_user_permissions" VALUES(37,15,44);
INSERT INTO "auth_user_user_permissions" VALUES(38,13,41);
INSERT INTO "auth_user_user_permissions" VALUES(39,13,44);
INSERT INTO "auth_user_user_permissions" VALUES(40,14,41);
INSERT INTO "auth_user_user_permissions" VALUES(41,14,44);
INSERT INTO "auth_user_user_permissions" VALUES(42,9,1);
INSERT INTO "auth_user_user_permissions" VALUES(43,9,2);
INSERT INTO "auth_user_user_permissions" VALUES(44,9,3);
INSERT INTO "auth_user_user_permissions" VALUES(45,9,4);
INSERT INTO "auth_user_user_permissions" VALUES(46,9,5);
INSERT INTO "auth_user_user_permissions" VALUES(47,9,6);
INSERT INTO "auth_user_user_permissions" VALUES(48,9,7);
INSERT INTO "auth_user_user_permissions" VALUES(49,9,8);
INSERT INTO "auth_user_user_permissions" VALUES(50,9,9);
INSERT INTO "auth_user_user_permissions" VALUES(51,9,10);
INSERT INTO "auth_user_user_permissions" VALUES(52,9,11);
INSERT INTO "auth_user_user_permissions" VALUES(53,9,12);
INSERT INTO "auth_user_user_permissions" VALUES(54,9,17);
INSERT INTO "auth_user_user_permissions" VALUES(55,9,18);
INSERT INTO "auth_user_user_permissions" VALUES(56,9,19);
INSERT INTO "auth_user_user_permissions" VALUES(57,9,20);
INSERT INTO "auth_user_user_permissions" VALUES(58,9,21);
INSERT INTO "auth_user_user_permissions" VALUES(59,9,22);
INSERT INTO "auth_user_user_permissions" VALUES(60,9,23);
INSERT INTO "auth_user_user_permissions" VALUES(61,9,24);
INSERT INTO "auth_user_user_permissions" VALUES(62,9,25);
INSERT INTO "auth_user_user_permissions" VALUES(63,9,26);
INSERT INTO "auth_user_user_permissions" VALUES(64,9,27);
INSERT INTO "auth_user_user_permissions" VALUES(65,9,28);
INSERT INTO "auth_user_user_permissions" VALUES(66,9,29);
INSERT INTO "auth_user_user_permissions" VALUES(67,9,30);
INSERT INTO "auth_user_user_permissions" VALUES(68,9,31);
INSERT INTO "auth_user_user_permissions" VALUES(69,9,32);
INSERT INTO "auth_user_user_permissions" VALUES(70,9,33);
INSERT INTO "auth_user_user_permissions" VALUES(71,9,34);
INSERT INTO "auth_user_user_permissions" VALUES(72,9,35);
INSERT INTO "auth_user_user_permissions" VALUES(73,9,36);
INSERT INTO "auth_user_user_permissions" VALUES(74,9,37);
INSERT INTO "auth_user_user_permissions" VALUES(75,9,38);
INSERT INTO "auth_user_user_permissions" VALUES(76,9,39);
INSERT INTO "auth_user_user_permissions" VALUES(77,9,40);
INSERT INTO "auth_user_user_permissions" VALUES(78,9,41);
INSERT INTO "auth_user_user_permissions" VALUES(79,9,42);
INSERT INTO "auth_user_user_permissions" VALUES(80,9,43);
INSERT INTO "auth_user_user_permissions" VALUES(81,9,44);
INSERT INTO "auth_user_user_permissions" VALUES(82,9,45);
INSERT INTO "auth_user_user_permissions" VALUES(83,9,46);
INSERT INTO "auth_user_user_permissions" VALUES(84,9,47);
INSERT INTO "auth_user_user_permissions" VALUES(85,9,48);
INSERT INTO "auth_user_user_permissions" VALUES(86,9,49);
INSERT INTO "auth_user_user_permissions" VALUES(87,9,50);
INSERT INTO "auth_user_user_permissions" VALUES(88,9,51);
INSERT INTO "auth_user_user_permissions" VALUES(89,9,52);
INSERT INTO "auth_user_user_permissions" VALUES(90,9,53);
INSERT INTO "auth_user_user_permissions" VALUES(91,9,54);
INSERT INTO "auth_user_user_permissions" VALUES(92,9,55);
INSERT INTO "auth_user_user_permissions" VALUES(93,9,56);
INSERT INTO "auth_user_user_permissions" VALUES(94,9,57);
INSERT INTO "auth_user_user_permissions" VALUES(95,9,58);
INSERT INTO "auth_user_user_permissions" VALUES(96,9,59);
INSERT INTO "auth_user_user_permissions" VALUES(97,9,60);
INSERT INTO "auth_user_user_permissions" VALUES(98,9,61);
INSERT INTO "auth_user_user_permissions" VALUES(99,9,62);
INSERT INTO "auth_user_user_permissions" VALUES(100,9,63);
INSERT INTO "auth_user_user_permissions" VALUES(101,9,64);
INSERT INTO "auth_user_user_permissions" VALUES(102,9,65);
INSERT INTO "auth_user_user_permissions" VALUES(103,9,66);
INSERT INTO "auth_user_user_permissions" VALUES(104,9,67);
INSERT INTO "auth_user_user_permissions" VALUES(105,9,68);
INSERT INTO "auth_user_user_permissions" VALUES(106,8,1);
INSERT INTO "auth_user_user_permissions" VALUES(107,8,2);
INSERT INTO "auth_user_user_permissions" VALUES(108,8,3);
INSERT INTO "auth_user_user_permissions" VALUES(109,8,4);
INSERT INTO "auth_user_user_permissions" VALUES(110,8,5);
INSERT INTO "auth_user_user_permissions" VALUES(111,8,6);
INSERT INTO "auth_user_user_permissions" VALUES(112,8,7);
INSERT INTO "auth_user_user_permissions" VALUES(113,8,8);
INSERT INTO "auth_user_user_permissions" VALUES(114,8,9);
INSERT INTO "auth_user_user_permissions" VALUES(115,8,10);
INSERT INTO "auth_user_user_permissions" VALUES(116,8,11);
INSERT INTO "auth_user_user_permissions" VALUES(117,8,12);
INSERT INTO "auth_user_user_permissions" VALUES(118,8,17);
INSERT INTO "auth_user_user_permissions" VALUES(119,8,18);
INSERT INTO "auth_user_user_permissions" VALUES(120,8,19);
INSERT INTO "auth_user_user_permissions" VALUES(121,8,20);
INSERT INTO "auth_user_user_permissions" VALUES(122,8,21);
INSERT INTO "auth_user_user_permissions" VALUES(123,8,22);
INSERT INTO "auth_user_user_permissions" VALUES(124,8,23);
INSERT INTO "auth_user_user_permissions" VALUES(125,8,24);
INSERT INTO "auth_user_user_permissions" VALUES(126,8,25);
INSERT INTO "auth_user_user_permissions" VALUES(127,8,26);
INSERT INTO "auth_user_user_permissions" VALUES(128,8,27);
INSERT INTO "auth_user_user_permissions" VALUES(129,8,28);
INSERT INTO "auth_user_user_permissions" VALUES(130,8,29);
INSERT INTO "auth_user_user_permissions" VALUES(131,8,30);
INSERT INTO "auth_user_user_permissions" VALUES(132,8,31);
INSERT INTO "auth_user_user_permissions" VALUES(133,8,32);
INSERT INTO "auth_user_user_permissions" VALUES(134,8,33);
INSERT INTO "auth_user_user_permissions" VALUES(135,8,34);
INSERT INTO "auth_user_user_permissions" VALUES(136,8,35);
INSERT INTO "auth_user_user_permissions" VALUES(137,8,36);
INSERT INTO "auth_user_user_permissions" VALUES(138,8,37);
INSERT INTO "auth_user_user_permissions" VALUES(139,8,38);
INSERT INTO "auth_user_user_permissions" VALUES(140,8,39);
INSERT INTO "auth_user_user_permissions" VALUES(141,8,40);
INSERT INTO "auth_user_user_permissions" VALUES(142,8,41);
INSERT INTO "auth_user_user_permissions" VALUES(143,8,42);
INSERT INTO "auth_user_user_permissions" VALUES(144,8,43);
INSERT INTO "auth_user_user_permissions" VALUES(145,8,44);
INSERT INTO "auth_user_user_permissions" VALUES(146,8,45);
INSERT INTO "auth_user_user_permissions" VALUES(147,8,46);
INSERT INTO "auth_user_user_permissions" VALUES(148,8,47);
INSERT INTO "auth_user_user_permissions" VALUES(149,8,48);
INSERT INTO "auth_user_user_permissions" VALUES(150,8,49);
INSERT INTO "auth_user_user_permissions" VALUES(151,8,50);
INSERT INTO "auth_user_user_permissions" VALUES(152,8,51);
INSERT INTO "auth_user_user_permissions" VALUES(153,8,52);
INSERT INTO "auth_user_user_permissions" VALUES(154,8,53);
INSERT INTO "auth_user_user_permissions" VALUES(155,8,54);
INSERT INTO "auth_user_user_permissions" VALUES(156,8,55);
INSERT INTO "auth_user_user_permissions" VALUES(157,8,56);
INSERT INTO "auth_user_user_permissions" VALUES(158,8,57);
INSERT INTO "auth_user_user_permissions" VALUES(159,8,58);
INSERT INTO "auth_user_user_permissions" VALUES(160,8,59);
INSERT INTO "auth_user_user_permissions" VALUES(161,8,60);
INSERT INTO "auth_user_user_permissions" VALUES(162,8,61);
INSERT INTO "auth_user_user_permissions" VALUES(163,8,62);
INSERT INTO "auth_user_user_permissions" VALUES(164,8,63);
INSERT INTO "auth_user_user_permissions" VALUES(165,8,64);
INSERT INTO "auth_user_user_permissions" VALUES(166,8,65);
INSERT INTO "auth_user_user_permissions" VALUES(167,8,66);
INSERT INTO "auth_user_user_permissions" VALUES(168,8,67);
INSERT INTO "auth_user_user_permissions" VALUES(169,8,68);
CREATE UNIQUE INDEX "auth_group_permissions_group_id_permission_id_0cd325b0_uniq" ON "auth_group_permissions" ("group_id", "permission_id");
CREATE INDEX IF NOT EXISTS "auth_group_permissions_group_id_b120cbf9" ON "auth_group_permissions" ("group_id");
CREATE INDEX IF NOT EXISTS "auth_group_permissions_permission_id_84c5c92e" ON "auth_group_permissions" ("permission_id");
CREATE UNIQUE INDEX "auth_user_groups_user_id_group_id_94350c0c_uniq" ON "auth_user_groups" ("user_id", "group_id");
CREATE INDEX IF NOT EXISTS "auth_user_groups_user_id_6a12ed8b" ON "auth_user_groups" ("user_id");
CREATE INDEX IF NOT EXISTS "auth_user_groups_group_id_97559544" ON "auth_user_groups" ("group_id");
CREATE UNIQUE INDEX "auth_user_user_permissions_user_id_permission_id_14a6b632_uniq" ON "auth_user_user_permissions" ("user_id", "permission_id");
CREATE INDEX IF NOT EXISTS "auth_user_user_permissions_user_id_a95ead1b" ON "auth_user_user_permissions" ("user_id");
CREATE INDEX IF NOT EXISTS "auth_user_user_permissions_permission_id_1fbb5f2c" ON "auth_user_user_permissions" ("permission_id");
CREATE INDEX IF NOT EXISTS "django_admin_log_content_type_id_c4bce8eb" ON "django_admin_log" ("content_type_id");
CREATE INDEX IF NOT EXISTS "django_admin_log_user_id_c564eba6" ON "django_admin_log" ("user_id");
CREATE UNIQUE INDEX "django_content_type_app_label_model_76bd3d3b_uniq" ON "django_content_type" ("app_label", "model");
CREATE UNIQUE INDEX "auth_permission_content_type_id_codename_01ab375a_uniq" ON "auth_permission" ("content_type_id", "codename");
CREATE INDEX IF NOT EXISTS "auth_permission_content_type_id_2f476e4b" ON "auth_permission" ("content_type_id");
CREATE INDEX IF NOT EXISTS "django_session_expire_date_a5c62663" ON "django_session" ("expire_date");
CREATE INDEX IF NOT EXISTS "stock_purchasehistory_item_id_cf23b926" ON "stock_purchasehistory" ("item_id");
CREATE INDEX IF NOT EXISTS "stock_item_parent_id_2d0db498" ON "stock_item" ("parent_id");
CREATE INDEX IF NOT EXISTS "stock_warehouse_material_id_b77f0fd8" ON "stock_warehouse" ("material_id");
CREATE UNIQUE INDEX "stock_material_role_material_id_role_id_7aaba6fc_uniq" ON "stock_material_role" ("material_id", "role_id");
CREATE INDEX IF NOT EXISTS "stock_material_role_material_id_9dd0cc85" ON "stock_material_role" ("material_id");
CREATE INDEX IF NOT EXISTS "stock_material_role_role_id_ee7e0052" ON "stock_material_role" ("role_id");
CREATE UNIQUE INDEX "stock_shoppinghistory_role_shoppinghistory_id_role_id_ea48a7bb_uniq" ON "stock_shoppinghistory_role" ("shoppinghistory_id", "role_id");
CREATE INDEX IF NOT EXISTS "stock_shoppinghistory_role_shoppinghistory_id_e1839bdd" ON "stock_shoppinghistory_role" ("shoppinghistory_id");
CREATE INDEX IF NOT EXISTS "stock_shoppinghistory_role_role_id_81d25ce9" ON "stock_shoppinghistory_role" ("role_id");
CREATE INDEX IF NOT EXISTS "stock_material_item_id_d564d6b7" ON "stock_material" ("item_id");
CREATE TABLE IF NOT EXISTS "django_admin_log" ("id" integer NOT NULL PRIMARY KEY AUTOINCREMENT, "object_id" text NULL, "object_repr" varchar(200) NOT NULL, "action_flag" smallint unsigned NOT NULL CHECK ("action_flag" >= 0), "change_message" text NOT NULL, "content_type_id" integer NULL REFERENCES "django_content_type" ("id") DEFERRABLE INITIALLY DEFERRED, "user_id" integer NOT NULL REFERENCES "auth_user" ("id") DEFERRABLE INITIALLY DEFERRED, "action_time" datetime NOT NULL);
INSERT INTO "django_admin_log" VALUES(413,'1','【S1】Frozen tuna box',2,'[{"changed": {"fields": ["\u6750\u6599\u540d"]}}]',11,7,'2023-03-26 03:50:38.564989');
INSERT INTO "django_admin_log" VALUES(414,'223','【OT35】Chakkaman',2,'[{"changed": {"fields": ["\u6750\u6599\u540d"]}}]',11,7,'2023-03-26 04:00:50.318884');
INSERT INTO "django_admin_log" VALUES(415,'223','【OT35】Chakkaman',2,'[]',11,7,'2023-03-26 04:00:56.010943');
INSERT INTO "django_admin_log" VALUES(416,'4','【S2】Cut Tuna',2,'[{"changed": {"fields": ["\u6750\u6599\u540d"]}}]',11,7,'2023-03-26 04:02:11.109823');
INSERT INTO "django_admin_log" VALUES(417,'4','【S2】Cut Tuna',2,'[]',11,7,'2023-03-26 04:02:17.221599');
INSERT INTO "django_admin_log" VALUES(418,'5','【S3】Cut WHOLE salmon',2,'[{"changed": {"fields": ["\u6750\u6599\u540d"]}}]',11,7,'2023-03-26 04:03:15.046958');
INSERT INTO "django_admin_log" VALUES(419,'5','【S3】Cut WHOLE salmon',2,'[]',11,7,'2023-03-26 04:03:20.467864');
INSERT INTO "django_admin_log" VALUES(420,'5','【S3】Cut WHOLE salmon',2,'[]',11,7,'2023-03-26 04:03:23.474153');
INSERT INTO "django_admin_log" VALUES(421,'6','【S4】Frozen WHOLE salmon',2,'[{"changed": {"fields": ["\u6750\u6599\u540d"]}}]',11,7,'2023-03-26 04:05:03.697482');
INSERT INTO "django_admin_log" VALUES(422,'7','【S5】Shiitake mushroom',2,'[{"changed": {"fields": ["\u6750\u6599\u540d"]}}]',11,7,'2023-03-26 04:05:20.301787');
INSERT INTO "django_admin_log" VALUES(423,'8','【S6】Karaage',2,'[{"changed": {"fields": ["\u6750\u6599\u540d"]}}]',11,7,'2023-03-26 04:05:40.980843');
INSERT INTO "django_admin_log" VALUES(424,'9','【S7】Teriyaki chicken(4kg/pk)',2,'[{"changed": {"fields": ["\u6750\u6599\u540d"]}}]',11,7,'2023-03-26 04:06:31.202588');
INSERT INTO "django_admin_log" VALUES(425,'10','【S8】Teriyaki chicken frozen pack',2,'[{"changed": {"fields": ["\u6750\u6599\u540d"]}}]',11,7,'2023-03-26 04:06:49.773937');
INSERT INTO "django_admin_log" VALUES(426,'11','【S9】Tempura Yam',2,'[{"changed": {"fields": ["\u6750\u6599\u540d"]}}]',11,7,'2023-03-26 04:07:03.083887');
INSERT INTO "django_admin_log" VALUES(427,'12','【S10】Tempura Crunch',2,'[{"changed": {"fields": ["\u6750\u6599\u540d"]}}]',11,7,'2023-03-26 04:07:20.743623');
INSERT INTO "django_admin_log" VALUES(428,'13','【S11】Fried onion',2,'[{"changed": {"fields": ["\u6750\u6599\u540d"]}}]',11,7,'2023-03-26 04:07:37.212857');
INSERT INTO "django_admin_log" VALUES(429,'14','【S12】Pre cooked shrimp',2,'[{"changed": {"fields": ["\u6750\u6599\u540d"]}}]',11,7,'2023-03-26 04:08:19.289675');
INSERT INTO "django_admin_log" VALUES(430,'15','【S13】Avocado',2,'[{"changed": {"fields": ["\u6750\u6599\u540d"]}}]',11,7,'2023-03-26 04:08:29.810410');
INSERT INTO "django_admin_log" VALUES(431,'16','【S14】Cucumber(sushi)',2,'[{"changed": {"fields": ["\u6750\u6599\u540d"]}}]',11,7,'2023-03-26 04:09:16.274057');
INSERT INTO "django_admin_log" VALUES(432,'17','【S15】Lettuce(Poke)',2,'[{"changed": {"fields": ["\u6750\u6599\u540d"]}}]',11,7,'2023-03-26 04:10:01.984637');
INSERT INTO "django_admin_log" VALUES(433,'18','【S16】Cucumber（Poke）',2,'[{"changed": {"fields": ["\u6750\u6599\u540d"]}}]',11,7,'2023-03-26 04:10:11.100418');
INSERT INTO "django_admin_log" VALUES(434,'19','【S17】Bell Pepper(Poke）',2,'[{"changed": {"fields": ["\u6750\u6599\u540d"]}}]',11,7,'2023-03-26 04:10:56.181046');
INSERT INTO "django_admin_log" VALUES(435,'20','【S18】W,Onion',2,'[{"changed": {"fields": ["\u6750\u6599\u540d"]}}]',11,7,'2023-03-26 04:11:04.518155');
INSERT INTO "django_admin_log" VALUES(436,'21','【S19】Green Onion(Sushi)',2,'[{"changed": {"fields": ["\u6750\u6599\u540d"]}}]',11,7,'2023-03-26 04:11:15.548565');
INSERT INTO "django_admin_log" VALUES(437,'22','【S20】Eel',2,'[{"changed": {"fields": ["\u6750\u6599\u540d"]}}]',11,7,'2023-03-26 04:11:22.863245');
INSERT INTO "django_admin_log" VALUES(438,'23','【S21】Pickled carrots',2,'[{"changed": {"fields": ["\u6750\u6599\u540d"]}}]',11,7,'2023-03-26 04:11:32.473689');
INSERT INTO "django_admin_log" VALUES(439,'23','【S21】Pickled carrots',2,'[]',11,7,'2023-03-26 04:11:35.683836');
INSERT INTO "django_admin_log" VALUES(440,'24','【S22】Sushi rice',2,'[{"changed": {"fields": ["\u6750\u6599\u540d"]}}]',11,7,'2023-03-26 04:11:49.802042');
INSERT INTO "django_admin_log" VALUES(441,'25','【S23】Rice',2,'[{"changed": {"fields": ["\u6750\u6599\u540d"]}}]',11,7,'2023-03-26 04:12:01.970669');
INSERT INTO "django_admin_log" VALUES(442,'26','【S24】Half rice',2,'[{"changed": {"fields": ["\u6750\u6599\u540d"]}}]',11,7,'2023-03-26 04:12:13.734729');
INSERT INTO "django_admin_log" VALUES(443,'27','【S25】Rice sekka',2,'[{"changed": {"fields": ["\u6750\u6599\u540d"]}}]',11,7,'2023-03-26 04:13:39.589998');
INSERT INTO "django_admin_log" VALUES(444,'28','【S26】Sweet rice',2,'[{"changed": {"fields": ["\u6750\u6599\u540d"]}}]',11,7,'2023-03-26 04:13:51.366225');
INSERT INTO "django_admin_log" VALUES(445,'29','【S27】Imitation Crab',2,'[{"changed": {"fields": ["\u6750\u6599\u540d"]}}]',11,7,'2023-03-26 04:14:03.389757');
INSERT INTO "django_admin_log" VALUES(446,'30','【S28】Lemon slice',2,'[{"changed": {"fields": ["\u6750\u6599\u540d"]}}]',11,7,'2023-03-26 04:14:57.265356');
INSERT INTO "django_admin_log" VALUES(447,'31','【S29】Sunonmono Cucumber',2,'[{"changed": {"fields": ["\u6750\u6599\u540d"]}}]',11,7,'2023-03-26 04:15:12.996483');
INSERT INTO "django_admin_log" VALUES(448,'32','【S30】Ginger',2,'[{"changed": {"fields": ["\u6750\u6599\u540d"]}}]',11,7,'2023-03-26 04:15:21.740743');
INSERT INTO "django_admin_log" VALUES(449,'33','Ginger',3,'',11,7,'2023-03-26 04:16:04.789213');
INSERT INTO "django_admin_log" VALUES(450,'34','【S31】Sunomono Juice',2,'[{"changed": {"fields": ["\u6750\u6599\u540d"]}}]',11,7,'2023-03-26 04:16:15.231671');
INSERT INTO "django_admin_log" VALUES(451,'35','【S32】Tuna Poke',2,'[{"changed": {"fields": ["\u6750\u6599\u540d"]}}]',11,7,'2023-03-26 04:16:26.605604');
INSERT INTO "django_admin_log" VALUES(452,'36','【S33】White Poke',2,'[{"changed": {"fields": ["\u6750\u6599\u540d"]}}]',11,7,'2023-03-26 04:16:45.448434');
INSERT INTO "django_admin_log" VALUES(453,'37','【S34】Seafood Poke',2,'[{"changed": {"fields": ["\u6750\u6599\u540d"]}}]',11,7,'2023-03-26 04:18:25.252323');
INSERT INTO "django_admin_log" VALUES(454,'38','【S35】Vegan sesami dressing',2,'[{"changed": {"fields": ["\u6750\u6599\u540d"]}}]',11,7,'2023-03-26 04:18:35.906097');
INSERT INTO "django_admin_log" VALUES(455,'39','【S36】Spicy sauce',2,'[{"changed": {"fields": ["\u6750\u6599\u540d"]}}]',11,7,'2023-03-26 04:18:53.958946');
INSERT INTO "django_admin_log" VALUES(456,'40','【s37】Spicy Mayo',2,'[{"changed": {"fields": ["\u6750\u6599\u540d"]}}]',11,7,'2023-03-26 04:19:05.328797');
INSERT INTO "django_admin_log" VALUES(457,'40','【S37】Spicy Mayo',2,'[{"changed": {"fields": ["\u6750\u6599\u540d"]}}]',11,7,'2023-03-26 04:19:15.451295');
INSERT INTO "django_admin_log" VALUES(458,'41','【S38】Mayonaise',2,'[{"changed": {"fields": ["\u6750\u6599\u540d"]}}]',11,7,'2023-03-26 04:19:24.526156');
INSERT INTO "django_admin_log" VALUES(459,'42','【S39】Chili Oil',2,'[{"changed": {"fields": ["\u6750\u6599\u540d"]}}]',11,7,'2023-03-26 04:20:12.387612');
INSERT INTO "django_admin_log" VALUES(460,'43','【S40】Eel Sauce',2,'[{"changed": {"fields": ["\u6750\u6599\u540d"]}}]',11,7,'2023-03-26 04:21:40.130483');
INSERT INTO "django_admin_log" VALUES(461,'44','【S41】Aburi sauce',2,'[{"changed": {"fields": ["\u6750\u6599\u540d"]}}]',11,7,'2023-03-26 04:22:57.632871');
INSERT INTO "django_admin_log" VALUES(462,'45','【S42】Amakara Sauce',2,'[{"changed": {"fields": ["\u6750\u6599\u540d"]}}]',11,7,'2023-03-26 04:23:12.705533');
INSERT INTO "django_admin_log" VALUES(463,'46','【K1】Mix Veggie',2,'[{"changed": {"fields": ["\u6750\u6599\u540d"]}}]',11,7,'2023-03-26 04:23:24.994237');
INSERT INTO "django_admin_log" VALUES(464,'47','【K2】Green Onion(Ramen)',2,'[{"changed": {"fields": ["\u6750\u6599\u540d"]}}]',11,7,'2023-03-26 04:24:09.511386');
INSERT INTO "django_admin_log" VALUES(465,'48','【K3】Shiraga Onion',2,'[{"changed": {"fields": ["\u6750\u6599\u540d"]}}]',11,7,'2023-03-26 04:24:20.329375');
INSERT INTO "django_admin_log" VALUES(466,'49','【K4】Yam',2,'[{"changed": {"fields": ["\u6750\u6599\u540d"]}}]',11,7,'2023-03-26 04:25:05.255374');
INSERT INTO "django_admin_log" VALUES(467,'50','【K5】Mix leaf',2,'[{"changed": {"fields": ["\u6750\u6599\u540d"]}}]',11,7,'2023-03-26 04:25:16.357216');
INSERT INTO "django_admin_log" VALUES(468,'51','【K6】Beansprout',2,'[{"changed": {"fields": ["\u6750\u6599\u540d"]}}]',11,7,'2023-03-26 04:26:00.753766');
INSERT INTO "django_admin_log" VALUES(469,'52','【K7】Cabbage (Mix veg)',2,'[{"changed": {"fields": ["\u6750\u6599\u540d"]}}]',11,7,'2023-03-26 04:26:11.473795');
INSERT INTO "django_admin_log" VALUES(470,'53','【K8】Carrot (Mix veg)',2,'[{"changed": {"fields": ["\u6750\u6599\u540d"]}}]',11,7,'2023-03-26 04:26:24.912631');
INSERT INTO "django_admin_log" VALUES(471,'54','【K9】mushroom',2,'[{"changed": {"fields": ["\u6750\u6599\u540d"]}}]',11,7,'2023-03-26 04:26:38.117515');
INSERT INTO "django_admin_log" VALUES(472,'55','【K10】Cirantro',2,'[{"changed": {"fields": ["\u6750\u6599\u540d"]}}]',11,7,'2023-03-26 04:27:26.486128');
INSERT INTO "django_admin_log" VALUES(473,'56','【K11】Jalepenos',2,'[{"changed": {"fields": ["\u6750\u6599\u540d"]}}]',11,7,'2023-03-26 04:27:43.672063');
INSERT INTO "django_admin_log" VALUES(474,'57','【K13】Fried Onion',2,'[{"changed": {"fields": ["\u6750\u6599\u540d"]}}]',11,7,'2023-03-26 04:28:04.100959');
INSERT INTO "django_admin_log" VALUES(475,'58','【K14】Miso chickpea',2,'[{"changed": {"fields": ["\u6750\u6599\u540d"]}}]',11,7,'2023-03-26 04:28:18.088621');
INSERT INTO "django_admin_log" VALUES(476,'59','【K15】Miso shiro',2,'[{"changed": {"fields": ["\u6750\u6599\u540d"]}}]',11,7,'2023-03-26 04:28:33.836967');
INSERT INTO "django_admin_log" VALUES(477,'60','【K16】Tofu',2,'[{"changed": {"fields": ["\u6750\u6599\u540d"]}}]',11,7,'2023-03-26 04:28:47.603328');
INSERT INTO "django_admin_log" VALUES(478,'61','【K17】Sio koji',2,'[{"changed": {"fields": ["\u6750\u6599\u540d"]}}]',11,7,'2023-03-26 04:29:35.506359');
INSERT INTO "django_admin_log" VALUES(479,'64','【K19】Salmon KAMA',2,'[{"changed": {"fields": ["\u6750\u6599\u540d"]}}]',11,7,'2023-03-26 04:30:14.560281');
INSERT INTO "django_admin_log" VALUES(480,'65','【K20】Salmon SOGIMI',2,'[{"changed": {"fields": ["\u6750\u6599\u540d"]}}]',11,7,'2023-03-26 04:30:30.221583');
INSERT INTO "django_admin_log" VALUES(481,'66','【K21】Karaage',2,'[{"changed": {"fields": ["\u6750\u6599\u540d"]}}]',11,7,'2023-03-26 04:30:45.306487');
INSERT INTO "django_admin_log" VALUES(482,'67','【K22】Teriyaki chicken',2,'[{"changed": {"fields": ["\u6750\u6599\u540d"]}}]',11,7,'2023-03-26 04:31:30.956308');
INSERT INTO "django_admin_log" VALUES(483,'68','【K23】Chicken thigh(fresh)',2,'[{"changed": {"fields": ["\u6750\u6599\u540d"]}}]',11,7,'2023-03-26 04:32:57.479034');
INSERT INTO "django_admin_log" VALUES(484,'69','【K24】Cha-shu',2,'[{"changed": {"fields": ["\u6750\u6599\u540d"]}}]',11,7,'2023-03-26 04:33:11.655207');
INSERT INTO "django_admin_log" VALUES(485,'70','【K25】Buddha Bowl Veggie',2,'[{"changed": {"fields": ["\u6750\u6599\u540d"]}}]',11,7,'2023-03-26 04:33:53.521226');
INSERT INTO "django_admin_log" VALUES(486,'71','【K26】Pork hikiniku',2,'[{"changed": {"fields": ["\u6750\u6599\u540d"]}}]',11,7,'2023-03-26 04:34:15.874156');
INSERT INTO "django_admin_log" VALUES(487,'72','【K28】Shiokouji Chicken',2,'[{"changed": {"fields": ["\u6750\u6599\u540d"]}}]',11,7,'2023-03-26 04:34:52.585218');
INSERT INTO "django_admin_log" VALUES(488,'73','【K29】Chicken soup',2,'[{"changed": {"fields": ["\u6750\u6599\u540d"]}}]',11,7,'2023-03-26 04:35:03.865743');
INSERT INTO "django_admin_log" VALUES(489,'74','【K30】Sio soup',2,'[{"changed": {"fields": ["\u6750\u6599\u540d"]}}]',11,7,'2023-03-26 04:35:14.134440');
INSERT INTO "django_admin_log" VALUES(490,'75','【K31】Curry sauce',2,'[{"changed": {"fields": ["\u6750\u6599\u540d"]}}]',11,7,'2023-03-26 04:35:23.201469');
INSERT INTO "django_admin_log" VALUES(491,'76','【K32】Teriyaki Sauce',2,'[{"changed": {"fields": ["\u6750\u6599\u540d"]}}]',11,7,'2023-03-26 04:35:36.549295');
INSERT INTO "django_admin_log" VALUES(492,'77','【K33】Cold Ramen Spicy',2,'[{"changed": {"fields": ["\u6750\u6599\u540d"]}}]',11,7,'2023-03-26 04:35:50.785822');
INSERT INTO "django_admin_log" VALUES(493,'78','【K34】Miso Ramen Sauce',2,'[{"changed": {"fields": ["\u6750\u6599\u540d"]}}]',11,7,'2023-03-26 04:37:10.328551');
INSERT INTO "django_admin_log" VALUES(494,'79','【K35】Ramen Spicy',2,'[{"changed": {"fields": ["\u6750\u6599\u540d"]}}]',11,7,'2023-03-26 04:37:56.206773');
INSERT INTO "django_admin_log" VALUES(495,'80','【K36】Gyouza Sauce',2,'[{"changed": {"fields": ["\u6750\u6599\u540d"]}}]',11,7,'2023-03-26 04:38:10.727900');
INSERT INTO "django_admin_log" VALUES(496,'81','【K37】Teriyaki Noodle sauce',2,'[{"changed": {"fields": ["\u6750\u6599\u540d"]}}]',11,7,'2023-03-26 04:38:20.455626');
INSERT INTO "django_admin_log" VALUES(497,'82','【K38】Shiokouji',2,'[{"changed": {"fields": ["\u6750\u6599\u540d"]}}]',11,7,'2023-03-26 04:38:34.508899');
INSERT INTO "django_admin_log" VALUES(498,'83','【K39】Yakiniku-sauce',2,'[{"changed": {"fields": ["\u6750\u6599\u540d"]}}]',11,7,'2023-03-26 04:38:46.193643');
INSERT INTO "django_admin_log" VALUES(499,'84','【K40】Yakiniku-DON',2,'[{"changed": {"fields": ["\u6750\u6599\u540d"]}}]',11,7,'2023-03-26 04:38:56.962502');
INSERT INTO "django_admin_log" VALUES(500,'85','【K41】Buddha Bowl Sauce',2,'[{"changed": {"fields": ["\u6750\u6599\u540d"]}}]',11,7,'2023-03-26 04:39:43.574913');
INSERT INTO "django_admin_log" VALUES(501,'86','【K42】KOKORO',2,'[{"changed": {"fields": ["\u6750\u6599\u540d"]}}]',11,7,'2023-03-26 04:40:26.322102');
INSERT INTO "django_admin_log" VALUES(502,'87','【K43】Teriyaki chicken bowl',2,'[{"changed": {"fields": ["\u6750\u6599\u540d"]}}]',11,7,'2023-03-26 04:40:36.498076');
INSERT INTO "django_admin_log" VALUES(503,'88','【K44】Veggie nigiri',2,'[{"changed": {"fields": ["\u6750\u6599\u540d"]}}]',11,7,'2023-03-26 04:40:44.151327');
INSERT INTO "django_admin_log" VALUES(504,'89','【K45】Veggie rainbow',2,'[{"changed": {"fields": ["\u6750\u6599\u540d"]}}]',11,7,'2023-03-26 04:41:25.850038');
INSERT INTO "django_admin_log" VALUES(505,'90','【K46】Butter ramen',2,'[{"changed": {"fields": ["\u6750\u6599\u540d"]}}]',11,7,'2023-03-26 04:41:36.063139');
INSERT INTO "django_admin_log" VALUES(506,'91','【K47】Namamen',2,'[{"changed": {"fields": ["\u6750\u6599\u540d"]}}]',11,7,'2023-03-26 04:41:43.721474');
INSERT INTO "django_admin_log" VALUES(507,'92','【K48】Chamomile',2,'[{"changed": {"fields": ["\u6750\u6599\u540d"]}}]',11,7,'2023-03-26 04:42:27.002311');
INSERT INTO "django_admin_log" VALUES(508,'93','【K49】Green tea',2,'[{"changed": {"fields": ["\u6750\u6599\u540d"]}}]',11,7,'2023-03-26 04:43:16.205621');
INSERT INTO "django_admin_log" VALUES(509,'94','【K50】Genmai tea',2,'[{"changed": {"fields": ["\u6750\u6599\u540d"]}}]',11,7,'2023-03-26 04:44:01.429266');
INSERT INTO "django_admin_log" VALUES(510,'95','【K51】Peppar mint tea',2,'[{"changed": {"fields": ["\u6750\u6599\u540d"]}}]',11,7,'2023-03-26 04:44:19.834606');
INSERT INTO "django_admin_log" VALUES(511,'96','【K52】Earl Grey',2,'[{"changed": {"fields": ["\u6750\u6599\u540d"]}}]',11,7,'2023-03-26 04:44:30.283164');
INSERT INTO "django_admin_log" VALUES(512,'97','【K53】Seafood mix',2,'[{"changed": {"fields": ["\u6750\u6599\u540d"]}}]',11,7,'2023-03-26 04:44:40.168357');
INSERT INTO "django_admin_log" VALUES(513,'98','【K54】Shabushabu set',2,'[{"changed": {"fields": ["\u6750\u6599\u540d"]}}]',11,7,'2023-03-26 04:44:48.761864');
INSERT INTO "django_admin_log" VALUES(514,'99','【K55】Shabushabu meat',2,'[{"changed": {"fields": ["\u6750\u6599\u540d"]}}]',11,7,'2023-03-26 04:44:57.659025');
INSERT INTO "django_admin_log" VALUES(515,'5','CEO',3,'',6,7,'2023-03-27 00:26:04.074340');
INSERT INTO "django_admin_log" VALUES(516,'8','ceo_kan',1,'[{"added": {}}]',6,7,'2023-03-27 00:29:05.275905');
INSERT INTO "django_admin_log" VALUES(517,'8','ceo_kan',2,'[{"changed": {"fields": ["Staff status", "Superuser status"]}}]',6,7,'2023-03-27 00:31:21.312833');
INSERT INTO "django_admin_log" VALUES(518,'6','Warehouse',3,'',6,7,'2023-03-27 00:33:03.803856');
INSERT INTO "django_admin_log" VALUES(519,'9','warehouse',1,'[{"added": {}}]',6,7,'2023-03-27 00:35:43.785071');
INSERT INTO "django_admin_log" VALUES(520,'9','warehouse',2,'[{"changed": {"fields": ["Staff status", "Superuser status"]}}]',6,7,'2023-03-27 00:36:10.278280');
INSERT INTO "django_admin_log" VALUES(521,'3','mizuto',3,'',6,7,'2023-03-27 00:36:18.327586');
INSERT INTO "django_admin_log" VALUES(522,'10','mizuto',1,'[{"added": {}}]',6,7,'2023-03-27 00:36:39.093404');
INSERT INTO "django_admin_log" VALUES(523,'4','Stores',3,'',6,7,'2023-03-27 00:36:52.793586');
INSERT INTO "django_admin_log" VALUES(524,'11','stores',1,'[{"added": {}}]',6,7,'2023-03-27 00:39:13.746424');
INSERT INTO "django_admin_log" VALUES(525,'10','mizuto',2,'[{"changed": {"fields": ["Staff status", "Superuser status"]}}]',6,7,'2023-03-27 00:40:33.403579');
INSERT INTO "django_admin_log" VALUES(526,'10','mizuto',2,'[]',6,7,'2023-03-27 00:40:40.078038');
INSERT INTO "django_admin_log" VALUES(527,'11','stores',2,'[{"changed": {"fields": ["User permissions"]}}]',6,7,'2023-03-27 00:43:58.389184');
INSERT INTO "django_admin_log" VALUES(528,'11','stores',2,'[{"changed": {"fields": ["Staff status"]}}]',6,7,'2023-03-27 00:46:29.077738');
INSERT INTO "django_admin_log" VALUES(529,'22','ShoppingHistoryProxy object (22)',3,'',2,7,'2023-03-27 02:54:42.962044');
INSERT INTO "django_admin_log" VALUES(530,'21','ShoppingHistoryProxy object (21)',3,'',2,7,'2023-03-27 02:54:42.967548');
INSERT INTO "django_admin_log" VALUES(531,'222','【OT34】Cup Sleeve',2,'[{"changed": {"fields": ["\u6750\u6599\u540d"]}}]',11,7,'2023-03-27 14:44:18.999448');
INSERT INTO "django_admin_log" VALUES(532,'221','Gas bottlie【OT33】',2,'[{"changed": {"fields": ["\u6750\u6599\u540d"]}}]',11,7,'2023-03-27 14:44:40.578132');
INSERT INTO "django_admin_log" VALUES(533,'221','【OT33】Gas bottlie',2,'[{"changed": {"fields": ["\u6750\u6599\u540d"]}}]',11,7,'2023-03-27 14:44:49.560256');
INSERT INTO "django_admin_log" VALUES(534,'220','【OT32】Pen(Sharpie)',2,'[{"changed": {"fields": ["\u6750\u6599\u540d"]}}]',11,7,'2023-03-27 14:45:07.403540');
INSERT INTO "django_admin_log" VALUES(535,'219','【OT31】Ziploc',2,'[{"changed": {"fields": ["\u6750\u6599\u540d"]}}]',11,7,'2023-03-27 14:45:26.729071');
INSERT INTO "django_admin_log" VALUES(536,'218','【OT30】Printer Ribbon',2,'[{"changed": {"fields": ["\u6750\u6599\u540d"]}}]',11,7,'2023-03-27 14:45:41.685822');
INSERT INTO "django_admin_log" VALUES(537,'217','【OT29】Tape',2,'[{"changed": {"fields": ["\u6750\u6599\u540d"]}}]',11,7,'2023-03-27 14:48:48.722532');
INSERT INTO "django_admin_log" VALUES(538,'216','【OT28】Flat Box',2,'[{"changed": {"fields": ["\u6750\u6599\u540d"]}}]',11,7,'2023-03-27 14:49:03.545996');
INSERT INTO "django_admin_log" VALUES(539,'63','【K18】Amazake small',2,'[{"changed": {"fields": ["\u6750\u6599\u540d"]}}]',11,7,'2023-03-27 14:50:21.154403');
INSERT INTO "django_admin_log" VALUES(540,'125','【DRY9】wasabi powder',2,'[{"changed": {"fields": ["\u6750\u6599\u540d"]}}]',11,7,'2023-03-27 15:06:32.584834');
INSERT INTO "django_admin_log" VALUES(541,'126','【DRY10】smoked tofu',2,'[{"changed": {"fields": ["\u6750\u6599\u540d"]}}]',11,7,'2023-03-27 15:06:58.284954');
INSERT INTO "django_admin_log" VALUES(542,'202','【OT14】Wrap',2,'[{"changed": {"fields": ["\u6750\u6599\u540d"]}}]',11,7,'2023-03-27 15:07:18.680519');
INSERT INTO "django_admin_log" VALUES(543,'153','【D9】White wine',2,'[{"changed": {"fields": ["\u6750\u6599\u540d"]}}]',11,7,'2023-03-27 15:07:37.604626');
INSERT INTO "django_admin_log" VALUES(544,'150','【D6】Water Bottle',2,'[{"changed": {"fields": ["\u6750\u6599\u540d"]}}]',11,7,'2023-03-27 15:07:54.875371');
INSERT INTO "django_admin_log" VALUES(545,'134','【DRY18】Wasabi paste',2,'[{"changed": {"fields": ["\u6750\u6599\u540d"]}}]',11,7,'2023-03-27 15:08:12.027544');
INSERT INTO "django_admin_log" VALUES(546,'141','【DRY25】Vegan sauce',2,'[{"changed": {"fields": ["\u6750\u6599\u540d"]}}]',11,7,'2023-03-27 15:08:30.471901');
INSERT INTO "django_admin_log" VALUES(547,'116','【F17】Udon',2,'[{"changed": {"fields": ["\u6750\u6599\u540d"]}}]',11,7,'2023-03-27 15:08:48.122347');
INSERT INTO "django_admin_log" VALUES(548,'208','【OT20】Toilet cleaner spray',2,'[{"changed": {"fields": ["\u6750\u6599\u540d"]}}]',11,7,'2023-03-27 15:09:08.214824');
INSERT INTO "django_admin_log" VALUES(549,'127','【K16】Tofu',2,'[{"changed": {"fields": ["\u6750\u6599\u540d"]}}]',11,7,'2023-03-27 15:09:29.990653');
INSERT INTO "django_admin_log" VALUES(550,'169','【C9】To Go Sushi (Square)Set',2,'[{"changed": {"fields": ["\u6750\u6599\u540d"]}}]',11,7,'2023-03-27 15:09:51.843250');
INSERT INTO "django_admin_log" VALUES(551,'182','【C22】To Go Sushi (Round small)Lid',2,'[{"changed": {"fields": ["\u6750\u6599\u540d"]}}]',11,7,'2023-03-27 15:10:19.517615');
INSERT INTO "django_admin_log" VALUES(552,'170','【C10】To Go Sushi (Round small)Body',2,'[{"changed": {"fields": ["\u6750\u6599\u540d"]}}]',11,7,'2023-03-27 15:10:37.794769');
INSERT INTO "django_admin_log" VALUES(553,'183','【C23】To Go Sushi (Round medium)Lid',2,'[{"changed": {"fields": ["\u6750\u6599\u540d"]}}]',11,7,'2023-03-27 15:11:15.975920');
INSERT INTO "django_admin_log" VALUES(554,'171','【C11】To Go Sushi (Round Medium)Body',2,'[{"changed": {"fields": ["\u6750\u6599\u540d"]}}]',11,7,'2023-03-27 15:11:32.383816');
INSERT INTO "django_admin_log" VALUES(555,'172','【C12】To Go Sushi (Round Large)Body',2,'[{"changed": {"fields": ["\u6750\u6599\u540d"]}}]',11,7,'2023-03-27 15:11:52.529474');
INSERT INTO "django_admin_log" VALUES(556,'184','【C24】To Go Sushi (Round Large) Lid',2,'[{"changed": {"fields": ["\u6750\u6599\u540d"]}}]',11,7,'2023-03-27 15:12:09.009965');
INSERT INTO "django_admin_log" VALUES(557,'174','【C14】To Go Rice Bowl (Body)',2,'[{"changed": {"fields": ["\u6750\u6599\u540d"]}}]',11,7,'2023-03-27 15:12:31.368514');
INSERT INTO "django_admin_log" VALUES(558,'185','【C25】To Go Ra-men (Lid)',2,'[{"changed": {"fields": ["\u6750\u6599\u540d"]}}]',11,7,'2023-03-27 15:12:48.242857');
INSERT INTO "django_admin_log" VALUES(559,'173','【C13】To Go Ra-men (Body)',2,'[{"changed": {"fields": ["\u6750\u6599\u540d"]}}]',11,7,'2023-03-27 15:13:07.371478');
INSERT INTO "django_admin_log" VALUES(560,'176','【C16】To Go Poke bowl(body)',2,'[{"changed": {"fields": ["\u6750\u6599\u540d"]}}]',11,7,'2023-03-27 15:14:20.910260');
INSERT INTO "django_admin_log" VALUES(561,'187','【C27】To Go Poke bowl(Lid)',2,'[{"changed": {"fields": ["\u6750\u6599\u540d"]}}]',11,7,'2023-03-27 15:14:36.527337');
INSERT INTO "django_admin_log" VALUES(562,'186','【C26】To Go Chicken Noodle(Lid)',2,'[{"changed": {"fields": ["\u6750\u6599\u540d"]}}]',11,7,'2023-03-27 15:14:54.734382');
INSERT INTO "django_admin_log" VALUES(563,'175','【C15】To Go Chicken Noodle(Body)',2,'[{"changed": {"fields": ["\u6750\u6599\u540d"]}}]',11,7,'2023-03-27 15:15:13.813456');
INSERT INTO "django_admin_log" VALUES(564,'113','【F14】Teriyaki noodle',2,'[{"changed": {"fields": ["\u6750\u6599\u540d"]}}]',11,7,'2023-03-27 15:15:37.021695');
INSERT INTO "django_admin_log" VALUES(565,'123','【DRY7】Tempura powder',2,'[{"changed": {"fields": ["\u6750\u6599\u540d"]}}]',11,7,'2023-03-27 15:16:06.005966');
INSERT INTO "django_admin_log" VALUES(566,'192','【OT4】TO GO Spoon',2,'[{"changed": {"fields": ["\u6750\u6599\u540d"]}}]',11,7,'2023-03-27 15:16:29.658624');
INSERT INTO "django_admin_log" VALUES(567,'160','【D16】Dassai',2,'[{"changed": {"fields": ["\u6750\u6599\u540d"]}}]',11,7,'2023-03-27 15:16:51.409477');
INSERT INTO "django_admin_log" VALUES(568,'209','【OT21】Detergent Dish wash',2,'[{"changed": {"fields": ["\u6750\u6599\u540d"]}}]',11,7,'2023-03-27 15:17:07.306321');
INSERT INTO "django_admin_log" VALUES(569,'197','【OT9】Duster',2,'[{"changed": {"fields": ["\u6750\u6599\u540d"]}}]',11,7,'2023-03-27 15:17:26.249728');
INSERT INTO "django_admin_log" VALUES(570,'110','【F8】Edamame',2,'[{"changed": {"fields": ["\u6750\u6599\u540d"]}}]',11,7,'2023-03-27 15:17:44.868813');
INSERT INTO "django_admin_log" VALUES(571,'107','【F8】Edamame(beans)',2,'[{"changed": {"fields": ["\u6750\u6599\u540d"]}}]',11,7,'2023-03-27 15:18:02.822965');
INSERT INTO "django_admin_log" VALUES(572,'110','【F11】Edamame',2,'[{"changed": {"fields": ["\u6750\u6599\u540d"]}}]',11,7,'2023-03-27 15:18:21.783467');
INSERT INTO "django_admin_log" VALUES(573,'143','【DRY27】Egg',2,'[{"changed": {"fields": ["\u6750\u6599\u540d"]}}]',11,7,'2023-03-27 15:18:42.811885');
INSERT INTO "django_admin_log" VALUES(574,'191','【OT3】TO GO Fork',2,'[{"changed": {"fields": ["\u6750\u6599\u540d"]}}]',11,7,'2023-03-27 15:19:01.115010');
INSERT INTO "django_admin_log" VALUES(575,'193','【OT5】TO GO Bag',2,'[{"changed": {"fields": ["\u6750\u6599\u540d"]}}]',11,7,'2023-03-27 15:19:19.854619');
INSERT INTO "django_admin_log" VALUES(576,'157','【D13】Fukucho hattanso',2,'[{"changed": {"fields": ["\u6750\u6599\u540d"]}}]',11,7,'2023-03-27 15:19:44.341302');
INSERT INTO "django_admin_log" VALUES(577,'212','【OT24】Garbage bag L',2,'[{"changed": {"fields": ["\u6750\u6599\u540d"]}}]',11,7,'2023-03-27 15:20:01.605249');
INSERT INTO "django_admin_log" VALUES(578,'211','【OT23】Garbage bag M',2,'[{"changed": {"fields": ["\u6750\u6599\u540d"]}}]',11,7,'2023-03-27 15:20:24.443212');
INSERT INTO "django_admin_log" VALUES(579,'210','【OT22】Garbage bag S',2,'[{"changed": {"fields": ["\u6750\u6599\u540d"]}}]',11,7,'2023-03-27 15:20:39.272566');
INSERT INTO "django_admin_log" VALUES(580,'132','【DRY16】Ginger orosi',2,'[{"changed": {"fields": ["\u6750\u6599\u540d"]}}]',11,7,'2023-03-27 15:20:57.727317');
INSERT INTO "django_admin_log" VALUES(581,'196','【OT8】Gloves(Poli）',2,'[{"changed": {"fields": ["\u6750\u6599\u540d"]}}]',11,7,'2023-03-27 15:21:18.204961');
INSERT INTO "django_admin_log" VALUES(582,'195','【OT7】Gloves（Vinyl）Large',2,'[{"changed": {"fields": ["\u6750\u6599\u540d"]}}]',11,7,'2023-03-27 15:21:45.552595');
INSERT INTO "django_admin_log" VALUES(583,'194','【OT6】Gloves（Vinyl）Medium',2,'[{"changed": {"fields": ["\u6750\u6599\u540d"]}}]',11,7,'2023-03-27 15:22:03.414668');
INSERT INTO "django_admin_log" VALUES(584,'111','【F12】Gyoza',2,'[{"changed": {"fields": ["\u6750\u6599\u540d"]}}]',11,7,'2023-03-27 15:22:18.466863');
INSERT INTO "django_admin_log" VALUES(585,'117','【DRY1】Harusame',2,'[{"changed": {"fields": ["\u6750\u6599\u540d"]}}]',11,7,'2023-03-27 15:22:45.552274');
INSERT INTO "django_admin_log" VALUES(586,'105','【F6】Inari',2,'[{"changed": {"fields": ["\u6750\u6599\u540d"]}}]',11,7,'2023-03-27 15:23:06.958797');
INSERT INTO "django_admin_log" VALUES(587,'102','【F3】Sushi shrimp',2,'[{"changed": {"fields": ["\u6750\u6599\u540d"]}}]',11,7,'2023-03-27 15:23:25.898279');
INSERT INTO "django_admin_log" VALUES(588,'198','【OT10】Kitchen Paper',2,'[{"changed": {"fields": ["\u6750\u6599\u540d"]}}]',11,7,'2023-03-27 15:23:41.026302');
INSERT INTO "django_admin_log" VALUES(589,'158','【D14】Koikawa junmai',2,'[{"changed": {"fields": ["\u6750\u6599\u540d"]}}]',11,7,'2023-03-27 15:23:56.763482');
INSERT INTO "django_admin_log" VALUES(590,'104','【F5】Masago',2,'[{"changed": {"fields": ["\u6750\u6599\u540d"]}}]',11,7,'2023-03-27 15:24:14.404023');
INSERT INTO "django_admin_log" VALUES(591,'137','【DRY21】Miso',2,'[{"changed": {"fields": ["\u6750\u6599\u540d"]}}]',11,7,'2023-03-27 15:24:29.585257');
INSERT INTO "django_admin_log" VALUES(592,'119','【DRY3】Nori(full)',2,'[{"changed": {"fields": ["\u6750\u6599\u540d"]}}]',11,7,'2023-03-27 15:24:46.740593');
INSERT INTO "django_admin_log" VALUES(593,'120','【DRY4】Nori(half)',2,'[{"changed": {"fields": ["\u6750\u6599\u540d"]}}]',11,7,'2023-03-27 15:24:58.504645');
INSERT INTO "django_admin_log" VALUES(594,'139','【DRY23】Oikatsuo',2,'[{"changed": {"fields": ["\u6750\u6599\u540d"]}}]',11,7,'2023-03-27 15:25:15.005920');
INSERT INTO "django_admin_log" VALUES(595,'161','【C1】Sushi TOGO (Small)',2,'[{"changed": {"fields": ["\u6750\u6599\u540d"]}}]',11,7,'2023-03-27 15:25:33.280050');
INSERT INTO "django_admin_log" VALUES(596,'190','【OT2】Paper Napkin',2,'[{"changed": {"fields": ["\u6750\u6599\u540d"]}}]',11,7,'2023-03-27 15:25:48.809945');
INSERT INTO "django_admin_log" VALUES(597,'199','【OT11】Paper Sushi',2,'[{"changed": {"fields": ["\u6750\u6599\u540d"]}}]',11,7,'2023-03-27 15:26:08.435652');
INSERT INTO "django_admin_log" VALUES(598,'199','【OT11】Paper Sushi',2,'[]',11,7,'2023-03-27 15:26:08.450890');
INSERT INTO "django_admin_log" VALUES(599,'207','【OT19】Pipe cleaner 2.7L',2,'[{"changed": {"fields": ["\u6750\u6599\u540d"]}}]',11,7,'2023-03-27 15:26:28.472835');
INSERT INTO "django_admin_log" VALUES(600,'203','【OT15】Plastic Brush',2,'[{"changed": {"fields": ["\u6750\u6599\u540d"]}}]',11,7,'2023-03-27 15:26:46.771658');
INSERT INTO "django_admin_log" VALUES(601,'213','【OT25】Printer roll',2,'[{"changed": {"fields": ["\u6750\u6599\u540d"]}}]',11,7,'2023-03-27 15:27:02.214779');
INSERT INTO "django_admin_log" VALUES(602,'215','【OT27】Printer roll card',2,'[{"changed": {"fields": ["\u6750\u6599\u540d"]}}]',11,7,'2023-03-27 15:27:17.844719');
INSERT INTO "django_admin_log" VALUES(603,'214','【OT26】Printer roll(kitchen)',2,'[{"changed": {"fields": ["\u6750\u6599\u540d"]}}]',11,7,'2023-03-27 15:27:36.507951');
INSERT INTO "django_admin_log" VALUES(604,'112','【F13】Ramen noodle',2,'[{"changed": {"fields": ["\u6750\u6599\u540d"]}}]',11,7,'2023-03-27 15:27:56.887345');
INSERT INTO "django_admin_log" VALUES(605,'101','【F2】Real crab',2,'[{"changed": {"fields": ["\u6750\u6599\u540d"]}}]',11,7,'2023-03-27 15:28:13.462143');
INSERT INTO "django_admin_log" VALUES(606,'154','【D10】Red wine',2,'[{"changed": {"fields": ["\u6750\u6599\u540d"]}}]',11,7,'2023-03-27 15:28:31.813379');
INSERT INTO "django_admin_log" VALUES(607,'118','【DRY2】Rice noodle',2,'[{"changed": {"fields": ["\u6750\u6599\u540d"]}}]',11,7,'2023-03-27 15:28:53.391118');
INSERT INTO "django_admin_log" VALUES(608,'159','【D15】Sake - Yoshinogawa',2,'[{"changed": {"fields": ["\u6750\u6599\u540d"]}}]',11,7,'2023-03-27 15:29:09.152865');
INSERT INTO "django_admin_log" VALUES(609,'146','【D2】Sanpellegrio Lemon',2,'[{"changed": {"fields": ["\u6750\u6599\u540d"]}}]',11,7,'2023-03-27 15:29:27.693756');
INSERT INTO "django_admin_log" VALUES(610,'145','【D1】Sanpellegrio Orange',2,'[{"changed": {"fields": ["\u6750\u6599\u540d"]}}]',11,7,'2023-03-27 15:29:49.899778');
INSERT INTO "django_admin_log" VALUES(611,'151','【D7】Sapporo beer',2,'[{"changed": {"fields": ["\u6750\u6599\u540d"]}}]',11,7,'2023-03-27 15:30:05.330198');
INSERT INTO "django_admin_log" VALUES(612,'162','【C2】Sushi TOGO (Single)',2,'[{"changed": {"fields": ["\u6750\u6599\u540d"]}}]',11,7,'2023-03-27 15:31:33.064322');
INSERT INTO "django_admin_log" VALUES(613,'144','【DRY28】Sasanoha',2,'[{"changed": {"fields": ["\u6750\u6599\u540d"]}}]',11,7,'2023-03-27 15:31:51.055965');
INSERT INTO "django_admin_log" VALUES(614,'178','【C18】Sauce Cup (1.5/2oz) Lid',2,'[{"changed": {"fields": ["\u6750\u6599\u540d"]}}]',11,7,'2023-03-27 15:32:05.806940');
INSERT INTO "django_admin_log" VALUES(615,'164','【C4】Sauce Cup (1.5/2oz)Body',2,'[{"changed": {"fields": ["\u6750\u6599\u540d"]}}]',11,7,'2023-03-27 15:32:22.318618');
INSERT INTO "django_admin_log" VALUES(616,'163','【C3】Sushi TOGO (Double)',2,'[{"changed": {"fields": ["\u6750\u6599\u540d"]}}]',11,7,'2023-03-27 15:32:46.329510');
INSERT INTO "django_admin_log" VALUES(617,'165','【C5】Sauce Cup (3.25oz)Body',2,'[{"changed": {"fields": ["\u6750\u6599\u540d"]}}]',11,7,'2023-03-27 15:33:05.389873');
INSERT INTO "django_admin_log" VALUES(618,'179','【C19】Sauce Cup (8oz) Lid',2,'[{"changed": {"fields": ["\u6750\u6599\u540d"]}}]',11,7,'2023-03-27 15:33:22.954706');
INSERT INTO "django_admin_log" VALUES(619,'103','【F4】Scallop',2,'[{"changed": {"fields": ["\u6750\u6599\u540d"]}}]',11,7,'2023-03-27 15:33:41.151393');
INSERT INTO "django_admin_log" VALUES(620,'106','【F7】Seaweed',2,'[{"changed": {"fields": ["\u6750\u6599\u540d"]}}]',11,7,'2023-03-27 15:33:55.626157');
INSERT INTO "django_admin_log" VALUES(621,'129','【DRY13】Sesame',2,'[{"changed": {"fields": ["\u6750\u6599\u540d"]}}]',11,7,'2023-03-27 15:34:13.032297');
INSERT INTO "django_admin_log" VALUES(622,'205','【OT17】Sponge (hard)',2,'[{"changed": {"fields": ["\u6750\u6599\u540d"]}}]',11,7,'2023-03-27 15:34:28.399334');
INSERT INTO "django_admin_log" VALUES(623,'204','【OT16】Sponge',2,'[{"changed": {"fields": ["\u6750\u6599\u540d"]}}]',11,7,'2023-03-27 15:34:44.082499');
INSERT INTO "django_admin_log" VALUES(624,'115','【F16】Spinach noodle',2,'[{"changed": {"fields": ["\u6750\u6599\u540d"]}}]',11,7,'2023-03-27 15:35:04.569947');
INSERT INTO "django_admin_log" VALUES(625,'121','【DRY5】Soy sheet(Green,Yellow)',2,'[{"changed": {"fields": ["\u6750\u6599\u540d"]}}]',11,7,'2023-03-27 15:35:20.322453');
INSERT INTO "django_admin_log" VALUES(626,'122','【DRY6】Soy sheet(Cream,Goma)',2,'[{"changed": {"fields": ["\u6750\u6599\u540d"]}}]',11,7,'2023-03-27 15:35:40.557638');
INSERT INTO "django_admin_log" VALUES(627,'133','【DRY17】Soy sauce take out',2,'[{"changed": {"fields": ["\u6750\u6599\u540d"]}}]',11,7,'2023-03-27 15:35:54.517148');
INSERT INTO "django_admin_log" VALUES(628,'136','【DRY20】Soy sauce less sodium',2,'[{"changed": {"fields": ["\u6750\u6599\u540d"]}}]',11,7,'2023-03-27 15:36:08.321274');
INSERT INTO "django_admin_log" VALUES(629,'135','【DRY19】Soy sauce gluten free',2,'[{"changed": {"fields": ["\u6750\u6599\u540d"]}}]',11,7,'2023-03-27 15:36:24.126421');
INSERT INTO "django_admin_log" VALUES(630,'168','【C8】Soup Cup (16oz) Body',2,'[{"changed": {"fields": ["\u6750\u6599\u540d"]}}]',11,7,'2023-03-27 15:36:37.992742');
INSERT INTO "django_admin_log" VALUES(631,'181','【C21】Soup Cup (16 oz)Lid',2,'[{"changed": {"fields": ["\u6750\u6599\u540d"]}}]',11,7,'2023-03-27 15:36:55.717209');
INSERT INTO "django_admin_log" VALUES(632,'180','【C20】Soup Cup (12oz) Lid',2,'[{"changed": {"fields": ["\u6750\u6599\u540d"]}}]',11,7,'2023-03-27 15:37:09.431007');
INSERT INTO "django_admin_log" VALUES(633,'167','【C7】Soup Cup (12oz) Body',2,'[{"changed": {"fields": ["\u6750\u6599\u540d"]}}]',11,7,'2023-03-27 15:37:24.103223');
INSERT INTO "django_admin_log" VALUES(634,'108','【F9】Soft shell crab',2,'[{"changed": {"fields": ["\u6750\u6599\u540d"]}}]',11,7,'2023-03-27 15:37:42.636337');
INSERT INTO "django_admin_log" VALUES(635,'152','【D8】Sleeman Honey Lager',2,'[{"changed": {"fields": ["\u6750\u6599\u540d"]}}]',11,7,'2023-03-27 15:37:58.906820');
INSERT INTO "django_admin_log" VALUES(636,'109','【F10】Shrimp Tempura',2,'[{"changed": {"fields": ["\u6750\u6599\u540d"]}}]',11,7,'2023-03-27 15:38:15.046571');
INSERT INTO "django_admin_log" VALUES(637,'130','【DRY14】Shredded Chili',2,'[{"changed": {"fields": ["\u6750\u6599\u540d"]}}]',11,7,'2023-03-27 15:38:29.709837');
INSERT INTO "django_admin_log" VALUES(638,'131','【DRY15】Sesami dressing',2,'[{"changed": {"fields": ["\u6750\u6599\u540d"]}}]',11,7,'2023-03-27 15:38:47.527814');
INSERT INTO "django_admin_log" VALUES(639,'166','【C6】Cup (8 oz )Body',2,'[{"changed": {"fields": ["\u6750\u6599\u540d"]}}]',11,7,'2023-03-27 15:39:07.216899');
INSERT INTO "django_admin_log" VALUES(640,'128','【DRY12】Cream cheese',2,'[{"changed": {"fields": ["\u6750\u6599\u540d"]}}]',11,7,'2023-03-27 15:39:23.878791');
INSERT INTO "django_admin_log" VALUES(641,'124','【DRY8】Cornstarch',2,'[{"changed": {"fields": ["\u6750\u6599\u540d"]}}]',11,7,'2023-03-27 15:39:40.493430');
INSERT INTO "django_admin_log" VALUES(642,'177','【C17】Coffee cup(Body)',2,'[{"changed": {"fields": ["\u6750\u6599\u540d"]}}]',11,7,'2023-03-27 15:39:56.002327');
INSERT INTO "django_admin_log" VALUES(643,'188','【C28】Coffee cup (Lid)',2,'[{"changed": {"fields": ["\u6750\u6599\u540d"]}}]',11,7,'2023-03-27 15:40:12.351027');
INSERT INTO "django_admin_log" VALUES(644,'189','【OT1】Chop Sticks',2,'[{"changed": {"fields": ["\u6750\u6599\u540d"]}}]',11,7,'2023-03-27 15:40:29.262753');
INSERT INTO "django_admin_log" VALUES(645,'138','【DRY22】Canola OIL',2,'[{"changed": {"fields": ["\u6750\u6599\u540d"]}}]',11,7,'2023-03-27 15:40:49.837754');
INSERT INTO "django_admin_log" VALUES(646,'149','【D5】Canada Dry',2,'[{"changed": {"fields": ["\u6750\u6599\u540d"]}}]',11,7,'2023-03-27 15:41:04.949907');
INSERT INTO "django_admin_log" VALUES(647,'148','【D4】COKE Zero',2,'[{"changed": {"fields": ["\u6750\u6599\u540d"]}}]',11,7,'2023-03-27 15:41:19.642121');
INSERT INTO "django_admin_log" VALUES(648,'147','【D3】COKE',2,'[{"changed": {"fields": ["\u6750\u6599\u540d"]}}]',11,7,'2023-03-27 15:41:36.083247');
INSERT INTO "django_admin_log" VALUES(649,'114','【F15】Boild noodle',2,'[{"changed": {"fields": ["\u6750\u6599\u540d"]}}]',11,7,'2023-03-27 15:41:54.095046');
INSERT INTO "django_admin_log" VALUES(650,'206','【OT18】Bleach',2,'[{"changed": {"fields": ["\u6750\u6599\u540d"]}}]',11,7,'2023-03-27 15:42:11.524215');
INSERT INTO "django_admin_log" VALUES(651,'140','【DRY24】Black oil',2,'[{"changed": {"fields": ["\u6750\u6599\u540d"]}}]',11,7,'2023-03-27 15:42:27.443192');
INSERT INTO "django_admin_log" VALUES(652,'142','【DRY26】Awase vinegar',2,'[{"changed": {"fields": ["\u6750\u6599\u540d"]}}]',11,7,'2023-03-27 15:42:43.835562');
INSERT INTO "django_admin_log" VALUES(653,'155','【D11】Apple cider',2,'[{"changed": {"fields": ["\u6750\u6599\u540d"]}}]',11,7,'2023-03-27 15:43:00.056170');
INSERT INTO "django_admin_log" VALUES(654,'62','【K17】Amazake Large',2,'[{"changed": {"fields": ["\u6750\u6599\u540d"]}}]',11,7,'2023-03-27 15:43:15.937901');
INSERT INTO "django_admin_log" VALUES(655,'201','【OT13】Alumi Foil Sushi',2,'[{"changed": {"fields": ["\u6750\u6599\u540d"]}}]',11,7,'2023-03-27 15:43:30.704905');
INSERT INTO "django_admin_log" VALUES(656,'200','【OT12】Alumi Foil',2,'[{"changed": {"fields": ["\u6750\u6599\u540d"]}}]',11,7,'2023-03-27 15:43:45.349545');
INSERT INTO "django_admin_log" VALUES(657,'156','【D12】Aizu Homare',2,'[{"changed": {"fields": ["\u6750\u6599\u540d"]}}]',11,7,'2023-03-27 15:43:59.707862');
INSERT INTO "django_admin_log" VALUES(658,'100','【F1】Ahi Tuna',2,'[{"changed": {"fields": ["\u6750\u6599\u540d"]}}]',11,7,'2023-03-27 15:44:15.257485');
INSERT INTO "django_admin_log" VALUES(659,'13','kojo.westside',1,'[{"added": {}}]',6,12,'2023-04-24 03:54:14.118132');
INSERT INTO "django_admin_log" VALUES(660,'14','koya.penticton',1,'[{"added": {}}]',6,12,'2023-04-24 03:54:32.433740');
INSERT INTO "django_admin_log" VALUES(661,'13','kojo.westside',2,'[{"changed": {"fields": ["Staff status"]}}]',6,10,'2023-04-24 03:55:34.271426');
INSERT INTO "django_admin_log" VALUES(662,'14','koya.penticton',2,'[{"changed": {"fields": ["Staff status"]}}]',6,10,'2023-04-24 03:55:59.761619');
INSERT INTO "django_admin_log" VALUES(663,'15','kojo.pentiction',1,'[{"added": {}}]',6,12,'2023-04-24 03:56:22.143595');
INSERT INTO "django_admin_log" VALUES(664,'15','kojo.pentiction',2,'[{"changed": {"fields": ["User permissions"]}}]',6,12,'2023-04-24 03:56:59.266757');
INSERT INTO "django_admin_log" VALUES(665,'13','kojo.westside',2,'[{"changed": {"fields": ["User permissions"]}}]',6,12,'2023-04-24 03:57:53.968956');
INSERT INTO "django_admin_log" VALUES(666,'14','koya.penticton',2,'[{"changed": {"fields": ["User permissions"]}}]',6,12,'2023-04-24 03:58:18.033365');
INSERT INTO "django_admin_log" VALUES(667,'8','Fried Karaage',2,'[{"changed": {"fields": ["\u6750\u6599\u540d"]}}]',11,10,'2023-04-24 04:00:13.233976');
INSERT INTO "django_admin_log" VALUES(668,'1','Role object (1)',1,'[{"added": {}}]',17,12,'2023-04-24 05:09:39.793727');
INSERT INTO "django_admin_log" VALUES(669,'2','Role object (2)',1,'[{"added": {}}]',17,12,'2023-04-24 05:09:43.348359');
INSERT INTO "django_admin_log" VALUES(670,'3','Role object (3)',1,'[{"added": {}}]',17,12,'2023-04-24 05:09:47.106812');
INSERT INTO "django_admin_log" VALUES(671,'223','Chakkaman',2,'[{"changed": {"fields": ["Role"]}}]',11,12,'2023-04-24 05:12:03.098183');
INSERT INTO "django_admin_log" VALUES(672,'222','Cup Sleeve',2,'[{"changed": {"fields": ["Role"]}}]',11,12,'2023-04-24 05:12:20.459088');
INSERT INTO "django_admin_log" VALUES(673,'221','Gas bottlie',2,'[{"changed": {"fields": ["Role"]}}]',11,12,'2023-04-24 05:12:31.855673');
INSERT INTO "django_admin_log" VALUES(674,'220','Pen(Sharpie)',2,'[{"changed": {"fields": ["Role"]}}]',11,12,'2023-04-24 05:12:41.327206');
INSERT INTO "django_admin_log" VALUES(675,'218','Printer Ribbon',2,'[{"changed": {"fields": ["Role"]}}]',11,12,'2023-04-24 05:12:57.974884');
INSERT INTO "django_admin_log" VALUES(676,'217','Tape',2,'[{"changed": {"fields": ["Role"]}}]',11,12,'2023-04-24 05:13:14.633272');
INSERT INTO "django_admin_log" VALUES(677,'216','Flat Box',2,'[{"changed": {"fields": ["Role"]}}]',11,12,'2023-04-24 05:13:33.088079');
INSERT INTO "django_admin_log" VALUES(678,'215','Printer roll card',2,'[{"changed": {"fields": ["Role"]}}]',11,12,'2023-04-24 05:13:59.536630');
INSERT INTO "django_admin_log" VALUES(679,'214','Printer roll(kitchen)',2,'[{"changed": {"fields": ["Role"]}}]',11,12,'2023-04-24 05:14:11.029732');
INSERT INTO "django_admin_log" VALUES(680,'213','Printer roll',2,'[{"changed": {"fields": ["Role"]}}]',11,12,'2023-04-24 05:14:59.187154');
INSERT INTO "django_admin_log" VALUES(681,'212','Garbage bag L',2,'[{"changed": {"fields": ["Role"]}}]',11,12,'2023-04-24 05:15:14.058392');
INSERT INTO "django_admin_log" VALUES(682,'211','Garbage bag M',2,'[{"changed": {"fields": ["Role"]}}]',11,12,'2023-04-24 05:15:37.764770');
INSERT INTO "django_admin_log" VALUES(683,'209','Detergent Dish wash',2,'[{"changed": {"fields": ["Role"]}}]',11,12,'2023-04-24 05:15:51.774328');
INSERT INTO "django_admin_log" VALUES(684,'206','Bleach',2,'[{"changed": {"fields": ["Role"]}}]',11,12,'2023-04-24 05:16:16.089776');
INSERT INTO "django_admin_log" VALUES(685,'205','Sponge (hard)',2,'[{"changed": {"fields": ["Role"]}}]',11,12,'2023-04-24 05:16:31.126865');
INSERT INTO "django_admin_log" VALUES(686,'204','Sponge',2,'[{"changed": {"fields": ["Role"]}}]',11,12,'2023-04-24 05:16:49.654982');
INSERT INTO "django_admin_log" VALUES(687,'203','Plastic Brush',2,'[{"changed": {"fields": ["Role"]}}]',11,12,'2023-04-24 05:17:00.613581');
INSERT INTO "django_admin_log" VALUES(688,'202','Wrap',2,'[{"changed": {"fields": ["Role"]}}]',11,12,'2023-04-24 05:17:14.265348');
INSERT INTO "django_admin_log" VALUES(689,'201','Alumi Foil Sushi',2,'[{"changed": {"fields": ["Role"]}}]',11,12,'2023-04-24 05:17:44.684335');
INSERT INTO "django_admin_log" VALUES(690,'200','Alumi Foil',2,'[{"changed": {"fields": ["Role"]}}]',11,12,'2023-04-24 05:18:37.510796');
INSERT INTO "django_admin_log" VALUES(691,'199','Paper Sushi',2,'[{"changed": {"fields": ["Role"]}}]',11,12,'2023-04-24 05:18:48.042321');
INSERT INTO "django_admin_log" VALUES(692,'198','Kitchen Paper',2,'[{"changed": {"fields": ["Role"]}}]',11,12,'2023-04-24 05:19:43.655438');
INSERT INTO "django_admin_log" VALUES(693,'197','Duster',2,'[{"changed": {"fields": ["Role"]}}]',11,12,'2023-04-24 05:19:57.204578');
INSERT INTO "django_admin_log" VALUES(694,'196','Gloves(Poli）',2,'[{"changed": {"fields": ["Role"]}}]',11,12,'2023-04-24 05:21:28.199462');
INSERT INTO "django_admin_log" VALUES(695,'195','Gloves（Vinyl）Large',2,'[{"changed": {"fields": ["Role"]}}]',11,12,'2023-04-24 05:21:56.858553');
INSERT INTO "django_admin_log" VALUES(696,'194','Gloves（Vinyl）Medium',2,'[{"changed": {"fields": ["Role"]}}]',11,12,'2023-04-24 05:22:13.304398');
INSERT INTO "django_admin_log" VALUES(697,'193','TO GO Bag',2,'[{"changed": {"fields": ["Role"]}}]',11,12,'2023-04-24 05:22:32.470664');
INSERT INTO "django_admin_log" VALUES(698,'192','TO GO Spoon',2,'[{"changed": {"fields": ["Role"]}}]',11,12,'2023-04-24 05:22:45.221526');
INSERT INTO "django_admin_log" VALUES(699,'191','TO GO Fork',2,'[{"changed": {"fields": ["Role"]}}]',11,12,'2023-04-24 05:23:02.305485');
INSERT INTO "django_admin_log" VALUES(700,'190','Paper Napkin',2,'[{"changed": {"fields": ["Role"]}}]',11,12,'2023-04-24 05:23:37.479170');
INSERT INTO "django_admin_log" VALUES(701,'189','Chop Sticks',2,'[{"changed": {"fields": ["Role"]}}]',11,12,'2023-04-24 05:23:55.690359');
INSERT INTO "django_admin_log" VALUES(702,'188','Coffee cup (Lid)',2,'[{"changed": {"fields": ["Role"]}}]',11,12,'2023-04-24 05:24:09.333914');
INSERT INTO "django_admin_log" VALUES(703,'186','To Go Chicken Noodle(Lid)',2,'[{"changed": {"fields": ["Role"]}}]',11,12,'2023-04-24 05:24:29.293172');
INSERT INTO "django_admin_log" VALUES(704,'185','To Go Ra-men (Lid)',2,'[{"changed": {"fields": ["Role"]}}]',11,12,'2023-04-24 05:24:43.552926');
INSERT INTO "django_admin_log" VALUES(705,'184','To Go Sushi (Round Large) Lid',2,'[{"changed": {"fields": ["Role"]}}]',11,12,'2023-04-24 05:24:55.742030');
INSERT INTO "django_admin_log" VALUES(706,'183','To Go Sushi (Round medium)Lid',2,'[{"changed": {"fields": ["Role"]}}]',11,12,'2023-04-24 05:25:09.449841');
INSERT INTO "django_admin_log" VALUES(707,'181','Soup Cup (16 oz)Lid',2,'[{"changed": {"fields": ["Role"]}}]',11,12,'2023-04-24 05:25:25.142993');
INSERT INTO "django_admin_log" VALUES(708,'180','Soup Cup (12oz) Lid',2,'[{"changed": {"fields": ["Role"]}}]',11,12,'2023-04-24 05:25:34.546063');
INSERT INTO "django_admin_log" VALUES(709,'179','Sauce Cup (8oz) Lid',2,'[{"changed": {"fields": ["Role"]}}]',11,12,'2023-04-24 05:25:50.906793');
INSERT INTO "django_admin_log" VALUES(710,'178','Sauce Cup (1.5/2oz) Lid',2,'[{"changed": {"fields": ["Role"]}}]',11,12,'2023-04-24 05:26:08.856169');
INSERT INTO "django_admin_log" VALUES(711,'177','Coffee cup(Body)',2,'[{"changed": {"fields": ["Role"]}}]',11,12,'2023-04-24 05:26:33.868883');
INSERT INTO "django_admin_log" VALUES(712,'175','To Go Chicken Noodle(Body)',2,'[{"changed": {"fields": ["Role"]}}]',11,12,'2023-04-24 05:26:53.953095');
INSERT INTO "django_admin_log" VALUES(713,'174','To Go Rice Bowl (Body)',2,'[{"changed": {"fields": ["Role"]}}]',11,12,'2023-04-24 05:27:15.116290');
INSERT INTO "django_admin_log" VALUES(714,'173','To Go Ra-men (Body)',2,'[{"changed": {"fields": ["Role"]}}]',11,12,'2023-04-24 05:27:32.827133');
INSERT INTO "django_admin_log" VALUES(715,'172','To Go Sushi (Round Large)Body',2,'[{"changed": {"fields": ["Role"]}}]',11,12,'2023-04-24 05:27:57.231893');
INSERT INTO "django_admin_log" VALUES(716,'113','Teriyaki noodle',2,'[{"changed": {"fields": ["Role"]}}]',11,12,'2023-04-24 05:29:34.352156');
INSERT INTO "django_admin_log" VALUES(717,'76','Teriyaki Sauce',2,'[{"changed": {"fields": ["Role"]}}]',11,12,'2023-04-24 05:31:03.927163');
INSERT INTO "django_admin_log" VALUES(718,'81','Teriyaki Noodle sauce',2,'[{"changed": {"fields": ["Role"]}}]',11,12,'2023-04-24 05:31:15.453998');
INSERT INTO "django_admin_log" VALUES(719,'123','Tempura powder',2,'[{"changed": {"fields": ["Role"]}}]',11,12,'2023-04-24 05:31:36.055676');
INSERT INTO "django_admin_log" VALUES(720,'11','Tempura Yam',2,'[{"changed": {"fields": ["Role"]}}]',11,12,'2023-04-24 05:31:56.464410');
INSERT INTO "django_admin_log" VALUES(721,'12','Tempura Crunch',2,'[{"changed": {"fields": ["Role"]}}]',11,12,'2023-04-24 05:32:06.551308');
INSERT INTO "django_admin_log" VALUES(722,'28','Sweet rice',2,'[{"changed": {"fields": ["Role"]}}]',11,12,'2023-04-24 05:32:36.513278');
INSERT INTO "django_admin_log" VALUES(723,'44','Aburi sauce',2,'[{"changed": {"fields": ["Role"]}}]',11,12,'2023-04-24 05:33:08.061041');
INSERT INTO "django_admin_log" VALUES(724,'156','Aizu Homare',2,'[{"changed": {"fields": ["Role"]}}]',11,12,'2023-04-24 05:33:24.910514');
INSERT INTO "django_admin_log" VALUES(725,'45','Amakara Sauce',2,'[{"changed": {"fields": ["Role"]}}]',11,12,'2023-04-24 05:33:48.447782');
INSERT INTO "django_admin_log" VALUES(726,'155','Apple cider',2,'[{"changed": {"fields": ["Role"]}}]',11,12,'2023-04-24 05:34:13.395905');
INSERT INTO "django_admin_log" VALUES(727,'15','Avocado',2,'[{"changed": {"fields": ["Role"]}}]',11,12,'2023-04-24 05:34:24.208256');
INSERT INTO "django_admin_log" VALUES(728,'142','Awase vinegar',2,'[{"changed": {"fields": ["Role"]}}]',11,12,'2023-04-24 05:34:35.696350');
INSERT INTO "django_admin_log" VALUES(729,'51','Beansprout',2,'[{"changed": {"fields": ["Role"]}}]',11,12,'2023-04-24 05:34:47.225651');
INSERT INTO "django_admin_log" VALUES(730,'19','Bell Pepper(Poke）',2,'[{"changed": {"fields": ["Role"]}}]',11,12,'2023-04-24 05:35:07.675978');
INSERT INTO "django_admin_log" VALUES(731,'140','Black oil',2,'[{"changed": {"fields": ["Role"]}}]',11,12,'2023-04-24 05:35:33.204035');
INSERT INTO "django_admin_log" VALUES(732,'114','Boild noodle',2,'[{"changed": {"fields": ["Role"]}}]',11,12,'2023-04-24 05:35:58.033117');
INSERT INTO "django_admin_log" VALUES(733,'147','COKE',2,'[{"changed": {"fields": ["Role"]}}]',11,12,'2023-04-24 05:36:30.354171');
INSERT INTO "django_admin_log" VALUES(734,'148','COKE Zero',2,'[{"changed": {"fields": ["Role"]}}]',11,12,'2023-04-24 05:36:49.225432');
INSERT INTO "django_admin_log" VALUES(735,'52','Cabbage (Mix veg)',2,'[{"changed": {"fields": ["Role"]}}]',11,12,'2023-04-24 05:36:59.640967');
INSERT INTO "django_admin_log" VALUES(736,'149','Canada Dry',2,'[{"changed": {"fields": ["Role"]}}]',11,12,'2023-04-24 05:37:11.086632');
INSERT INTO "django_admin_log" VALUES(737,'138','Canola OIL',2,'[{"changed": {"fields": ["Role"]}}]',11,12,'2023-04-24 05:37:20.459889');
INSERT INTO "django_admin_log" VALUES(738,'53','Carrot (Mix veg)',2,'[{"changed": {"fields": ["Role"]}}]',11,12,'2023-04-24 05:37:30.432479');
INSERT INTO "django_admin_log" VALUES(739,'69','Cha-shu',2,'[{"changed": {"fields": ["Role"]}}]',11,12,'2023-04-24 05:37:42.314637');
INSERT INTO "django_admin_log" VALUES(740,'92','Chamomile',2,'[{"changed": {"fields": ["Role"]}}]',11,12,'2023-04-24 05:37:56.633752');
INSERT INTO "django_admin_log" VALUES(741,'73','Chicken soup',2,'[{"changed": {"fields": ["Role"]}}]',11,12,'2023-04-24 05:38:07.110203');
INSERT INTO "django_admin_log" VALUES(742,'42','Chili Oil',2,'[{"changed": {"fields": ["Role"]}}]',11,12,'2023-04-24 05:38:23.515247');
INSERT INTO "django_admin_log" VALUES(743,'55','Cirantro',2,'[{"changed": {"fields": ["Role"]}}]',11,12,'2023-04-24 05:38:36.614825');
INSERT INTO "django_admin_log" VALUES(744,'77','Cold Ramen Spicy',2,'[{"changed": {"fields": ["Role"]}}]',11,12,'2023-04-24 05:38:56.001812');
INSERT INTO "django_admin_log" VALUES(745,'124','Cornstarch',2,'[{"changed": {"fields": ["Role"]}}]',11,12,'2023-04-24 05:40:10.039490');
INSERT INTO "django_admin_log" VALUES(746,'128','Cream cheese',2,'[{"changed": {"fields": ["Role"]}}]',11,12,'2023-04-24 05:40:19.965826');
INSERT INTO "django_admin_log" VALUES(747,'16','Cucumber(sushi)',2,'[{"changed": {"fields": ["Role"]}}]',11,12,'2023-04-24 05:40:32.209425');
INSERT INTO "django_admin_log" VALUES(748,'18','Cucumber（Poke）',2,'[{"changed": {"fields": ["Role"]}}]',11,12,'2023-04-24 05:40:43.811562');
INSERT INTO "django_admin_log" VALUES(749,'166','Cup (8 oz )Body',2,'[{"changed": {"fields": ["Role"]}}]',11,12,'2023-04-24 05:41:13.897006');
INSERT INTO "django_admin_log" VALUES(750,'75','Curry sauce',2,'[{"changed": {"fields": ["Role"]}}]',11,12,'2023-04-24 05:41:39.522671');
INSERT INTO "django_admin_log" VALUES(751,'4','Cut Tuna',2,'[{"changed": {"fields": ["Role"]}}]',11,12,'2023-04-24 05:41:52.566597');
INSERT INTO "django_admin_log" VALUES(752,'5','Cut WHOLE salmon',2,'[{"changed": {"fields": ["Role"]}}]',11,12,'2023-04-24 05:42:03.867184');
INSERT INTO "django_admin_log" VALUES(753,'160','Dassai',2,'[{"changed": {"fields": ["Role"]}}]',11,12,'2023-04-24 05:42:15.955307');
INSERT INTO "django_admin_log" VALUES(754,'96','Earl Grey',2,'[{"changed": {"fields": ["Role"]}}]',11,12,'2023-04-24 05:42:33.557316');
INSERT INTO "django_admin_log" VALUES(755,'110','Edamame',2,'[{"changed": {"fields": ["Role"]}}]',11,12,'2023-04-24 05:42:48.406022');
INSERT INTO "django_admin_log" VALUES(756,'107','Edamame(beans)',2,'[{"changed": {"fields": ["Role"]}}]',11,12,'2023-04-24 05:42:57.960187');
INSERT INTO "django_admin_log" VALUES(757,'22','Eel',2,'[{"changed": {"fields": ["Role"]}}]',11,12,'2023-04-24 05:43:07.231029');
INSERT INTO "django_admin_log" VALUES(758,'43','Eel Sauce',2,'[{"changed": {"fields": ["Role"]}}]',11,12,'2023-04-24 05:43:21.890240');
INSERT INTO "django_admin_log" VALUES(759,'143','Egg',2,'[{"changed": {"fields": ["Role"]}}]',11,12,'2023-04-24 05:43:35.982678');
INSERT INTO "django_admin_log" VALUES(760,'57','Fried Onion',2,'[{"changed": {"fields": ["Role"]}}]',11,12,'2023-04-24 05:44:59.840918');
INSERT INTO "django_admin_log" VALUES(761,'13','Fried onion',2,'[{"changed": {"fields": ["Role"]}}]',11,12,'2023-04-24 05:45:10.905169');
INSERT INTO "django_admin_log" VALUES(762,'6','Frozen WHOLE salmon',2,'[{"changed": {"fields": ["Role"]}}]',11,12,'2023-04-24 05:45:27.698189');
INSERT INTO "django_admin_log" VALUES(763,'1','Frozen tuna box',2,'[{"changed": {"fields": ["Role"]}}]',11,12,'2023-04-24 05:45:38.549305');
INSERT INTO "django_admin_log" VALUES(764,'157','Fukucho hattanso',2,'[{"changed": {"fields": ["Role"]}}]',11,12,'2023-04-24 05:47:20.955497');
INSERT INTO "django_admin_log" VALUES(765,'94','Genmai tea',2,'[{"changed": {"fields": ["Role"]}}]',11,12,'2023-04-24 05:47:57.087646');
INSERT INTO "django_admin_log" VALUES(766,'32','Ginger',2,'[{"changed": {"fields": ["Role"]}}]',11,12,'2023-04-24 05:48:08.232329');
INSERT INTO "django_admin_log" VALUES(767,'132','Ginger orosi',2,'[{"changed": {"fields": ["Role"]}}]',11,12,'2023-04-24 05:48:20.378179');
INSERT INTO "django_admin_log" VALUES(768,'47','Green Onion(Ramen)',2,'[{"changed": {"fields": ["Role"]}}]',11,12,'2023-04-24 05:48:47.383698');
INSERT INTO "django_admin_log" VALUES(769,'21','Green Onion(Sushi)',2,'[{"changed": {"fields": ["Role"]}}]',11,12,'2023-04-24 05:48:56.659172');
INSERT INTO "django_admin_log" VALUES(770,'93','Green tea',2,'[{"changed": {"fields": ["Role"]}}]',11,12,'2023-04-24 05:49:07.340119');
INSERT INTO "django_admin_log" VALUES(771,'80','Gyouza Sauce',2,'[{"changed": {"fields": ["Role"]}}]',11,12,'2023-04-24 05:49:24.949338');
INSERT INTO "django_admin_log" VALUES(772,'111','Gyoza',2,'[{"changed": {"fields": ["Role"]}}]',11,12,'2023-04-24 05:49:35.675705');
INSERT INTO "django_admin_log" VALUES(773,'26','Half rice',2,'[{"changed": {"fields": ["Role"]}}]',11,12,'2023-04-24 05:49:51.649697');
INSERT INTO "django_admin_log" VALUES(774,'117','Harusame',2,'[{"changed": {"fields": ["Role"]}}]',11,12,'2023-04-24 05:50:03.895906');
INSERT INTO "django_admin_log" VALUES(775,'29','Imitation Crab',2,'[{"changed": {"fields": ["Role"]}}]',11,12,'2023-04-24 05:50:15.004799');
INSERT INTO "django_admin_log" VALUES(776,'105','Inari',2,'[{"changed": {"fields": ["Role"]}}]',11,12,'2023-04-24 05:50:24.120423');
INSERT INTO "django_admin_log" VALUES(777,'66','Karaage',2,'[{"changed": {"fields": ["Role"]}}]',11,12,'2023-04-24 05:50:44.731871');
INSERT INTO "django_admin_log" VALUES(778,'158','Koikawa junmai',2,'[{"changed": {"fields": ["Role"]}}]',11,12,'2023-04-24 05:51:57.783140');
INSERT INTO "django_admin_log" VALUES(779,'30','Lemon slice',2,'[{"changed": {"fields": ["Role"]}}]',11,12,'2023-04-24 05:52:06.848722');
INSERT INTO "django_admin_log" VALUES(780,'17','Lettuce(Poke)',2,'[{"changed": {"fields": ["Role"]}}]',11,12,'2023-04-24 05:52:20.036794');
INSERT INTO "django_admin_log" VALUES(781,'104','Masago',2,'[{"changed": {"fields": ["Role"]}}]',11,12,'2023-04-24 05:52:31.872496');
INSERT INTO "django_admin_log" VALUES(782,'41','Mayonaise',2,'[{"changed": {"fields": ["Role"]}}]',11,12,'2023-04-24 05:52:46.700940');
INSERT INTO "django_admin_log" VALUES(783,'137','Miso',2,'[{"changed": {"fields": ["Role"]}}]',11,12,'2023-04-24 05:52:57.198806');
INSERT INTO "django_admin_log" VALUES(784,'78','Miso Ramen Sauce',2,'[{"changed": {"fields": ["Role"]}}]',11,12,'2023-04-24 05:53:07.567198');
INSERT INTO "django_admin_log" VALUES(785,'46','Mix Veggie',2,'[{"changed": {"fields": ["Role"]}}]',11,12,'2023-04-24 05:53:29.180995');
INSERT INTO "django_admin_log" VALUES(786,'50','Mix leaf',2,'[{"changed": {"fields": ["Role"]}}]',11,12,'2023-04-24 05:53:40.299181');
INSERT INTO "django_admin_log" VALUES(787,'119','Nori(full)',2,'[{"changed": {"fields": ["Role"]}}]',11,12,'2023-04-24 05:53:56.876392');
INSERT INTO "django_admin_log" VALUES(788,'120','Nori(half)',2,'[{"changed": {"fields": ["Role"]}}]',11,12,'2023-04-24 05:54:05.340079');
INSERT INTO "django_admin_log" VALUES(789,'139','Oikatsuo',2,'[{"changed": {"fields": ["Role"]}}]',11,12,'2023-04-24 05:54:15.475408');
INSERT INTO "django_admin_log" VALUES(790,'95','Peppar mint tea',2,'[{"changed": {"fields": ["Role"]}}]',11,12,'2023-04-24 05:54:42.248771');
INSERT INTO "django_admin_log" VALUES(791,'23','Pickled carrots',2,'[{"changed": {"fields": ["Role"]}}]',11,12,'2023-04-24 05:54:52.257745');
INSERT INTO "django_admin_log" VALUES(792,'14','Pre cooked shrimp',2,'[{"changed": {"fields": ["Role"]}}]',11,12,'2023-04-24 05:55:29.762602');
INSERT INTO "django_admin_log" VALUES(793,'79','Ramen Spicy',2,'[{"changed": {"fields": ["Role"]}}]',11,12,'2023-04-24 05:55:58.849422');
INSERT INTO "django_admin_log" VALUES(794,'112','Ramen noodle',2,'[{"changed": {"fields": ["Role"]}}]',11,12,'2023-04-24 05:56:09.894781');
INSERT INTO "django_admin_log" VALUES(795,'101','Real crab',2,'[{"changed": {"fields": ["Role"]}}]',11,12,'2023-04-24 05:56:25.336077');
INSERT INTO "django_admin_log" VALUES(796,'154','Red wine',2,'[{"changed": {"fields": ["Role"]}}]',11,12,'2023-04-24 05:56:33.943566');
INSERT INTO "django_admin_log" VALUES(797,'25','Rice',2,'[{"changed": {"fields": ["Role"]}}]',11,12,'2023-04-24 05:56:44.338399');
INSERT INTO "django_admin_log" VALUES(798,'118','Rice noodle',2,'[{"changed": {"fields": ["Role"]}}]',11,12,'2023-04-24 05:56:54.586141');
INSERT INTO "django_admin_log" VALUES(799,'27','Rice sekka',2,'[{"changed": {"fields": ["Role"]}}]',11,12,'2023-04-24 05:57:04.144330');
INSERT INTO "django_admin_log" VALUES(800,'159','Sake - Yoshinogawa',2,'[{"changed": {"fields": ["Role"]}}]',11,12,'2023-04-24 05:57:18.697849');
INSERT INTO "django_admin_log" VALUES(801,'146','Sanpellegrio Lemon',2,'[{"changed": {"fields": ["Role"]}}]',11,12,'2023-04-24 05:57:40.659637');
INSERT INTO "django_admin_log" VALUES(802,'145','Sanpellegrio Orange',2,'[{"changed": {"fields": ["Role"]}}]',11,12,'2023-04-24 05:57:49.596133');
INSERT INTO "django_admin_log" VALUES(803,'151','Sapporo beer',2,'[{"changed": {"fields": ["Role"]}}]',11,12,'2023-04-24 05:57:59.040590');
INSERT INTO "django_admin_log" VALUES(804,'144','Sasanoha',2,'[{"changed": {"fields": ["Role"]}}]',11,12,'2023-04-24 05:58:07.919157');
INSERT INTO "django_admin_log" VALUES(805,'164','Sauce Cup (1.5/2oz)Body',2,'[{"changed": {"fields": ["Role"]}}]',11,12,'2023-04-24 05:58:19.821524');
INSERT INTO "django_admin_log" VALUES(806,'103','Scallop',2,'[{"changed": {"fields": ["Role"]}}]',11,12,'2023-04-24 05:58:40.059746');
INSERT INTO "django_admin_log" VALUES(807,'37','Seafood Poke',2,'[{"changed": {"fields": ["Role"]}}]',11,12,'2023-04-24 05:59:03.391385');
INSERT INTO "django_admin_log" VALUES(808,'97','Seafood mix',2,'[{"changed": {"fields": ["Role"]}}]',11,12,'2023-04-24 05:59:15.266139');
INSERT INTO "django_admin_log" VALUES(809,'106','Seaweed',2,'[{"changed": {"fields": ["Role"]}}]',11,12,'2023-04-24 05:59:25.579081');
INSERT INTO "django_admin_log" VALUES(810,'129','Sesame',2,'[{"changed": {"fields": ["Role"]}}]',11,12,'2023-04-24 05:59:36.816854');
INSERT INTO "django_admin_log" VALUES(811,'131','Sesami dressing',2,'[{"changed": {"fields": ["Role"]}}]',11,12,'2023-04-24 05:59:47.870127');
INSERT INTO "django_admin_log" VALUES(812,'7','Shiitake mushroom',2,'[{"changed": {"fields": ["Role"]}}]',11,12,'2023-04-24 06:00:19.464222');
INSERT INTO "django_admin_log" VALUES(813,'82','Shiokouji',2,'[{"changed": {"fields": ["Role"]}}]',11,12,'2023-04-24 06:00:30.214581');
INSERT INTO "django_admin_log" VALUES(814,'72','Shiokouji Chicken',2,'[{"changed": {"fields": ["Role"]}}]',11,12,'2023-04-24 06:00:39.752144');
INSERT INTO "django_admin_log" VALUES(815,'48','Shiraga Onion',2,'[{"changed": {"fields": ["Role"]}}]',11,12,'2023-04-24 06:00:49.143849');
INSERT INTO "django_admin_log" VALUES(816,'130','Shredded Chili',2,'[{"changed": {"fields": ["Role"]}}]',11,12,'2023-04-24 06:00:57.974151');
INSERT INTO "django_admin_log" VALUES(817,'109','Shrimp Tempura',2,'[{"changed": {"fields": ["Role"]}}]',11,12,'2023-04-24 06:01:06.082754');
INSERT INTO "django_admin_log" VALUES(818,'74','Sio soup',2,'[{"changed": {"fields": ["Role"]}}]',11,12,'2023-04-24 06:01:36.068620');
INSERT INTO "django_admin_log" VALUES(819,'152','Sleeman Honey Lager',2,'[{"changed": {"fields": ["Role"]}}]',11,12,'2023-04-24 06:01:46.631665');
INSERT INTO "django_admin_log" VALUES(820,'108','Soft shell crab',2,'[{"changed": {"fields": ["Role"]}}]',11,12,'2023-04-24 06:01:55.581801');
INSERT INTO "django_admin_log" VALUES(821,'167','Soup Cup (12oz) Body',2,'[{"changed": {"fields": ["Role"]}}]',11,12,'2023-04-24 06:02:03.776511');
INSERT INTO "django_admin_log" VALUES(822,'168','Soup Cup (16oz) Body',2,'[{"changed": {"fields": ["Role"]}}]',11,12,'2023-04-24 06:02:20.519827');
INSERT INTO "django_admin_log" VALUES(823,'135','Soy sauce gluten free',2,'[{"changed": {"fields": ["Role"]}}]',11,12,'2023-04-24 06:02:28.606998');
INSERT INTO "django_admin_log" VALUES(824,'136','Soy sauce less sodium',2,'[{"changed": {"fields": ["Role"]}}]',11,12,'2023-04-24 06:02:37.234989');
INSERT INTO "django_admin_log" VALUES(825,'133','Soy sauce take out',2,'[{"changed": {"fields": ["Role"]}}]',11,12,'2023-04-24 06:02:46.311293');
INSERT INTO "django_admin_log" VALUES(826,'121','Soy sheet(Green,Yellow)',2,'[{"changed": {"fields": ["Role"]}}]',11,12,'2023-04-24 06:03:04.497982');
INSERT INTO "django_admin_log" VALUES(827,'40','Spicy Mayo',2,'[{"changed": {"fields": ["Role"]}}]',11,12,'2023-04-24 06:03:16.857631');
INSERT INTO "django_admin_log" VALUES(828,'39','Spicy sauce',2,'[{"changed": {"fields": ["Role"]}}]',11,12,'2023-04-24 06:03:25.372683');
INSERT INTO "django_admin_log" VALUES(829,'115','Spinach noodle',2,'[{"changed": {"fields": ["Role"]}}]',11,12,'2023-04-24 06:03:34.770103');
INSERT INTO "django_admin_log" VALUES(830,'34','Sunomono Juice',2,'[{"changed": {"fields": ["Role"]}}]',11,12,'2023-04-24 06:03:53.708193');
INSERT INTO "django_admin_log" VALUES(831,'31','Sunonmono Cucumber',2,'[{"changed": {"fields": ["Role"]}}]',11,12,'2023-04-24 06:04:02.275808');
INSERT INTO "django_admin_log" VALUES(832,'163','Sushi TOGO (Double)',2,'[{"changed": {"fields": ["Role"]}}]',11,12,'2023-04-24 06:04:11.109265');
INSERT INTO "django_admin_log" VALUES(833,'162','Sushi TOGO (Single)',2,'[{"changed": {"fields": ["Role"]}}]',11,12,'2023-04-24 06:04:20.435975');
INSERT INTO "django_admin_log" VALUES(834,'161','Sushi TOGO (Small)',2,'[{"changed": {"fields": ["Role"]}}]',11,12,'2023-04-24 06:04:29.324169');
INSERT INTO "django_admin_log" VALUES(835,'24','Sushi rice',2,'[{"changed": {"fields": ["Role"]}}]',11,12,'2023-04-24 06:04:37.257683');
INSERT INTO "django_admin_log" VALUES(836,'102','Sushi shrimp',2,'[{"changed": {"fields": ["Role"]}}]',11,12,'2023-04-24 06:04:45.299920');
INSERT INTO "django_admin_log" VALUES(837,'9','Teriyaki chicken(4kg/pk)',2,'[{"changed": {"fields": ["Role"]}}]',11,12,'2023-04-24 06:05:52.241176');
INSERT INTO "django_admin_log" VALUES(838,'171','To Go Sushi (Round Medium)Body',2,'[{"changed": {"fields": ["Role"]}}]',11,12,'2023-04-24 06:07:22.455009');
INSERT INTO "django_admin_log" VALUES(839,'127','Tofu',2,'[{"changed": {"fields": ["Role"]}}]',11,12,'2023-04-24 06:08:36.389575');
INSERT INTO "django_admin_log" VALUES(840,'35','Tuna Poke',2,'[{"changed": {"fields": ["Role"]}}]',11,12,'2023-04-24 06:08:55.290027');
INSERT INTO "django_admin_log" VALUES(841,'116','Udon',2,'[{"changed": {"fields": ["Role"]}}]',11,12,'2023-04-24 06:09:06.653069');
INSERT INTO "django_admin_log" VALUES(842,'141','Vegan sauce',2,'[{"changed": {"fields": ["Role"]}}]',11,12,'2023-04-24 06:09:20.358482');
INSERT INTO "django_admin_log" VALUES(843,'38','Vegan sesami dressing',2,'[{"changed": {"fields": ["Role"]}}]',11,12,'2023-04-24 06:09:29.393452');
INSERT INTO "django_admin_log" VALUES(844,'20','W,Onion',2,'[{"changed": {"fields": ["Role"]}}]',11,12,'2023-04-24 06:09:58.268543');
INSERT INTO "django_admin_log" VALUES(845,'134','Wasabi paste',2,'[{"changed": {"fields": ["Role"]}}]',11,12,'2023-04-24 06:10:08.594147');
INSERT INTO "django_admin_log" VALUES(846,'150','Water Bottle',2,'[{"changed": {"fields": ["Role"]}}]',11,12,'2023-04-24 06:10:20.702127');
INSERT INTO "django_admin_log" VALUES(847,'36','White Poke',2,'[{"changed": {"fields": ["Role"]}}]',11,12,'2023-04-24 06:10:40.011347');
INSERT INTO "django_admin_log" VALUES(848,'153','White wine',2,'[{"changed": {"fields": ["Role"]}}]',11,12,'2023-04-24 06:10:47.300341');
INSERT INTO "django_admin_log" VALUES(849,'84','Yakiniku-DON',2,'[{"changed": {"fields": ["Role"]}}]',11,12,'2023-04-24 06:11:00.487719');
INSERT INTO "django_admin_log" VALUES(850,'83','Yakiniku-sauce',2,'[{"changed": {"fields": ["Role"]}}]',11,12,'2023-04-24 06:11:10.531658');
INSERT INTO "django_admin_log" VALUES(851,'49','Yam',2,'[{"changed": {"fields": ["Role"]}}]',11,12,'2023-04-24 06:11:23.598065');
INSERT INTO "django_admin_log" VALUES(852,'126','smoked tofu',2,'[{"changed": {"fields": ["Role"]}}]',11,12,'2023-04-24 06:11:59.418988');
INSERT INTO "django_admin_log" VALUES(853,'125','wasabi powder',2,'[{"changed": {"fields": ["Role"]}}]',11,12,'2023-04-24 06:12:08.559506');
INSERT INTO "django_admin_log" VALUES(854,'223','Chakkaman',2,'[{"changed": {"fields": ["Note"]}}]',11,12,'2023-04-24 12:05:54.474091');
INSERT INTO "django_admin_log" VALUES(855,'4','kitchen',1,'[{"added": {}}]',17,9,'2023-04-25 12:51:50.385790');
INSERT INTO "django_admin_log" VALUES(856,'5','Sushi',1,'[{"added": {}}]',17,9,'2023-04-25 12:51:58.083154');
INSERT INTO "django_admin_log" VALUES(857,'224','Green leef lettuce',1,'[{"added": {}}]',15,9,'2023-04-25 12:52:04.710847');
INSERT INTO "django_admin_log" VALUES(858,'224','Green leef lettuce',2,'[{"changed": {"fields": ["Note"]}}]',15,9,'2023-04-25 12:52:37.633291');
INSERT INTO "django_admin_log" VALUES(859,'224','Green leef lettuce',2,'[]',15,9,'2023-04-25 12:52:37.649945');
INSERT INTO "django_admin_log" VALUES(860,'6','kitchen',1,'[{"added": {}}]',17,10,'2023-04-25 21:16:06.980270');
INSERT INTO "django_admin_log" VALUES(861,'8','Fried Karaage',2,'[{"changed": {"fields": ["Role"]}}]',11,10,'2023-04-25 21:16:15.078803');
INSERT INTO "django_admin_log" VALUES(862,'9','Cooked Teriyaki chicken(4kg/pk)',2,'[{"changed": {"fields": ["\u6750\u6599\u540d"]}}]',11,10,'2023-04-25 21:16:43.178741');
INSERT INTO "django_admin_log" VALUES(863,'57','Raw Fried Onion',2,'[{"changed": {"fields": ["\u6750\u6599\u540d"]}}]',11,10,'2023-04-25 21:17:02.539082');
INSERT INTO "django_admin_log" VALUES(864,'66','Raw Karaage',2,'[{"changed": {"fields": ["\u6750\u6599\u540d"]}}]',11,10,'2023-04-25 21:17:24.726496');
INSERT INTO "django_admin_log" VALUES(865,'67','Raw Teriyaki chicken',2,'[{"changed": {"fields": ["\u6750\u6599\u540d"]}}]',11,10,'2023-04-25 21:17:37.506838');
INSERT INTO "django_admin_log" VALUES(866,'7','kitchen',1,'[{"added": {}}]',17,10,'2023-04-25 21:18:00.100796');
INSERT INTO "django_admin_log" VALUES(867,'205','Sponge (hard)',2,'[{"changed": {"fields": ["Role"]}}]',11,10,'2023-04-25 21:18:03.164483');
INSERT INTO "django_admin_log" VALUES(868,'8','Sushi',1,'[{"added": {}}]',17,10,'2023-04-25 21:18:51.395257');
INSERT INTO "django_admin_log" VALUES(869,'169','To Go Sushi (Square) body',2,'[{"changed": {"fields": ["\u6750\u6599\u540d", "Role"]}}]',11,10,'2023-04-25 21:18:53.279498');
INSERT INTO "django_admin_log" VALUES(870,'205','Sponge (hard)',3,'',11,10,'2023-04-25 21:20:32.747793');
INSERT INTO "django_admin_log" VALUES(871,'225','To Go Sushi (Square)lid',1,'[{"added": {}}]',15,10,'2023-04-25 21:23:46.527119');
INSERT INTO "django_admin_log" VALUES(872,'226','Sponge (hard)',1,'[{"added": {}}]',15,10,'2023-04-25 21:24:47.791787');
INSERT INTO "django_admin_log" VALUES(873,'8','Sushi',3,'',17,10,'2023-04-25 22:08:12.226492');
INSERT INTO "django_admin_log" VALUES(874,'7','kitchen',3,'',17,10,'2023-04-25 22:08:18.997494');
INSERT INTO "django_admin_log" VALUES(875,'6','kitchen',3,'',17,10,'2023-04-25 22:08:23.573882');
INSERT INTO "django_admin_log" VALUES(876,'5','Sushi',3,'',17,10,'2023-04-25 22:08:28.798277');
INSERT INTO "django_admin_log" VALUES(877,'4','kitchen',3,'',17,10,'2023-04-25 22:08:33.524646');
INSERT INTO "django_admin_log" VALUES(878,'67','Raw Teriyaki chicken',2,'[{"changed": {"fields": ["Role"]}}]',11,10,'2023-04-25 22:10:18.590364');
INSERT INTO "django_admin_log" VALUES(879,'226','Sponge (hard)',2,'[{"changed": {"fields": ["Role"]}}]',11,10,'2023-04-25 22:11:17.810168');
INSERT INTO "django_admin_log" VALUES(880,'225','To Go Sushi (Square)lid',2,'[{"changed": {"fields": ["Role"]}}]',11,10,'2023-04-25 22:11:56.104239');
INSERT INTO "django_admin_log" VALUES(881,'226','Sponge (hard)',2,'[{"changed": {"fields": ["Role"]}}]',11,10,'2023-04-25 22:12:06.538455');
INSERT INTO "django_admin_log" VALUES(882,'226','Sponge (hard)',2,'[{"changed": {"fields": ["Role"]}}]',11,10,'2023-04-25 22:12:52.968801');
INSERT INTO "django_admin_log" VALUES(883,'14','koya.penticton',2,'[{"changed": {"fields": ["User permissions"]}}]',6,10,'2023-04-26 04:19:08.703484');
INSERT INTO "django_admin_log" VALUES(884,'15','kojo.pentiction',2,'[{"changed": {"fields": ["User permissions"]}}]',6,10,'2023-04-26 04:19:41.034441');
INSERT INTO "django_admin_log" VALUES(885,'13','kojo.westside',2,'[{"changed": {"fields": ["User permissions"]}}]',6,10,'2023-04-26 04:20:10.195159');
INSERT INTO "django_admin_log" VALUES(886,'14','koya.penticton',2,'[{"changed": {"fields": ["User permissions"]}}]',6,10,'2023-04-26 04:20:24.810365');
INSERT INTO "django_admin_log" VALUES(887,'15','kojo.pentiction',2,'[{"changed": {"fields": ["User permissions"]}}]',6,10,'2023-04-26 04:22:19.716170');
INSERT INTO "django_admin_log" VALUES(888,'13','kojo.westside',2,'[{"changed": {"fields": ["User permissions"]}}]',6,10,'2023-04-26 04:22:31.812698');
INSERT INTO "django_admin_log" VALUES(889,'14','koya.penticton',2,'[{"changed": {"fields": ["User permissions"]}}]',6,10,'2023-04-26 04:22:45.222154');
INSERT INTO "django_admin_log" VALUES(890,'9','warehouse',2,'[{"changed": {"fields": ["User permissions"]}}]',6,10,'2023-04-26 04:23:26.909567');
INSERT INTO "django_admin_log" VALUES(891,'8','ceo_kan',2,'[{"changed": {"fields": ["User permissions"]}}]',6,10,'2023-04-26 04:23:46.565672');
INSERT INTO "django_admin_log" VALUES(892,'15','kojo.pentiction',2,'[{"changed": {"fields": ["Staff status"]}}]',6,10,'2023-04-26 04:30:28.943278');
INSERT INTO "django_admin_log" VALUES(893,'15','Avocado',2,'[{"changed": {"fields": ["\u4fa1\u683c", "Note"]}}]',15,10,'2023-04-26 22:48:00.914006');
INSERT INTO "django_admin_log" VALUES(894,'18','Cucumber（Poke）',2,'[{"changed": {"fields": ["\u30ab\u30c6\u30b4\u30ea"]}}]',15,10,'2023-04-26 22:49:38.094393');
INSERT INTO "django_admin_log" VALUES(895,'15','Avocado',2,'[{"changed": {"fields": ["\u30ab\u30c6\u30b4\u30ea"]}}]',15,10,'2023-04-26 22:49:54.383526');
INSERT INTO "django_admin_log" VALUES(896,'19','Bell Pepper(Poke）',2,'[{"changed": {"fields": ["\u30ab\u30c6\u30b4\u30ea"]}}]',15,10,'2023-04-26 22:50:09.205460');
INSERT INTO "django_admin_log" VALUES(897,'15','Avocado',2,'[{"changed": {"fields": ["\u5358\u4f4d"]}}]',11,10,'2023-04-26 22:52:55.417122');
INSERT INTO "django_admin_log" VALUES(898,'18','Cucumber（Poke）',2,'[{"changed": {"fields": ["\u5358\u4f4d"]}}]',11,10,'2023-04-26 22:53:14.069093');
INSERT INTO "django_admin_log" VALUES(899,'5','Cut WHOLE salmon',2,'[]',11,10,'2023-04-26 22:56:42.312534');
INSERT INTO "django_admin_log" VALUES(900,'14','Pre cooked shrimp',2,'[{"changed": {"fields": ["\u30ab\u30c6\u30b4\u30ea"]}}]',11,10,'2023-04-26 22:57:29.447556');
INSERT INTO "django_admin_log" VALUES(901,'13','Fried onion',2,'[{"changed": {"fields": ["\u30ab\u30c6\u30b4\u30ea"]}}]',11,10,'2023-04-26 22:57:38.583208');
INSERT INTO "django_admin_log" VALUES(902,'12','Tempura Crunch',2,'[{"changed": {"fields": ["\u30ab\u30c6\u30b4\u30ea"]}}]',11,10,'2023-04-26 22:57:47.084979');
INSERT INTO "django_admin_log" VALUES(903,'11','Tempura Yam',2,'[{"changed": {"fields": ["\u30ab\u30c6\u30b4\u30ea"]}}]',11,10,'2023-04-26 22:57:57.891448');
INSERT INTO "django_admin_log" VALUES(904,'10','Teriyaki chicken frozen pack',2,'[{"changed": {"fields": ["\u30ab\u30c6\u30b4\u30ea"]}}]',11,10,'2023-04-26 22:58:06.886668');
INSERT INTO "django_admin_log" VALUES(905,'9','Cooked Teriyaki chicken(4kg/pk)',2,'[{"changed": {"fields": ["\u30ab\u30c6\u30b4\u30ea"]}}]',11,10,'2023-04-26 22:58:17.757175');
INSERT INTO "django_admin_log" VALUES(906,'16','Cucumber(sushi)',2,'[{"changed": {"fields": ["\u30ab\u30c6\u30b4\u30ea"]}}]',11,10,'2023-04-26 22:59:04.072257');
INSERT INTO "django_admin_log" VALUES(907,'17','Lettuce(Poke)',2,'[{"changed": {"fields": ["\u30ab\u30c6\u30b4\u30ea"]}}]',11,10,'2023-04-26 22:59:43.384952');
INSERT INTO "django_admin_log" VALUES(908,'20','W,Onion',2,'[{"changed": {"fields": ["\u30ab\u30c6\u30b4\u30ea"]}}]',11,10,'2023-04-26 23:00:40.855316');
INSERT INTO "django_admin_log" VALUES(909,'16','Cucumber(sushi)',2,'[{"changed": {"fields": ["\u30ab\u30c6\u30b4\u30ea"]}}]',11,10,'2023-04-26 23:03:35.112917');
INSERT INTO "django_admin_log" VALUES(910,'127','Tofu',2,'[{"changed": {"fields": ["\u5834\u6240\u540d"]}}]',11,10,'2023-04-26 23:06:03.656125');
INSERT INTO "django_admin_log" VALUES(911,'98','ShoppingHistoryProxy object (98)',3,'',2,12,'2023-04-27 00:55:58.356750');
INSERT INTO "django_admin_log" VALUES(912,'96','ShoppingHistoryProxy object (96)',3,'',2,12,'2023-04-27 00:55:58.361580');
INSERT INTO "django_admin_log" VALUES(913,'95','ShoppingHistoryProxy object (95)',3,'',2,12,'2023-04-27 00:55:58.364025');
INSERT INTO "django_admin_log" VALUES(914,'94','ShoppingHistoryProxy object (94)',3,'',2,12,'2023-04-27 00:55:58.366233');
INSERT INTO "django_admin_log" VALUES(915,'93','ShoppingHistoryProxy object (93)',3,'',2,12,'2023-04-27 00:55:58.368339');
INSERT INTO "django_admin_log" VALUES(916,'99','ShoppingHistoryProxy object (99)',3,'',2,12,'2023-04-27 00:55:58.370377');
INSERT INTO "django_admin_log" VALUES(917,'97','ShoppingHistoryProxy object (97)',3,'',2,12,'2023-04-27 00:55:58.372903');
INSERT INTO "django_admin_log" VALUES(918,'92','ShoppingHistoryProxy object (92)',3,'',2,12,'2023-04-27 00:55:58.375097');
INSERT INTO "django_admin_log" VALUES(919,'91','ShoppingHistoryProxy object (91)',3,'',2,12,'2023-04-27 00:55:58.377689');
INSERT INTO "django_admin_log" VALUES(920,'90','ShoppingHistoryProxy object (90)',3,'',2,12,'2023-04-27 00:55:58.379690');
INSERT INTO "django_admin_log" VALUES(921,'70','ShoppingHistoryProxy object (70)',3,'',2,12,'2023-04-27 00:55:58.382096');
INSERT INTO "django_admin_log" VALUES(922,'69','ShoppingHistoryProxy object (69)',3,'',2,12,'2023-04-27 00:55:58.384093');
INSERT INTO "django_admin_log" VALUES(923,'68','ShoppingHistoryProxy object (68)',3,'',2,12,'2023-04-27 00:55:58.386129');
INSERT INTO "django_admin_log" VALUES(924,'67','ShoppingHistoryProxy object (67)',3,'',2,12,'2023-04-27 00:55:58.388249');
INSERT INTO "django_admin_log" VALUES(925,'64','ShoppingHistoryProxy object (64)',3,'',2,12,'2023-04-27 00:55:58.390338');
INSERT INTO "django_admin_log" VALUES(926,'63','ShoppingHistoryProxy object (63)',3,'',2,12,'2023-04-27 00:55:58.392444');
INSERT INTO "django_admin_log" VALUES(927,'73','ShoppingHistoryProxy object (73)',3,'',2,12,'2023-04-27 00:55:58.394714');
INSERT INTO "django_admin_log" VALUES(928,'89','ShoppingHistoryProxy object (89)',3,'',2,12,'2023-04-27 00:55:58.397162');
INSERT INTO "django_admin_log" VALUES(929,'88','ShoppingHistoryProxy object (88)',3,'',2,12,'2023-04-27 00:55:58.399511');
INSERT INTO "django_admin_log" VALUES(930,'87','ShoppingHistoryProxy object (87)',3,'',2,12,'2023-04-27 00:55:58.401807');
INSERT INTO "django_admin_log" VALUES(931,'86','ShoppingHistoryProxy object (86)',3,'',2,12,'2023-04-27 00:55:58.403985');
INSERT INTO "django_admin_log" VALUES(932,'85','ShoppingHistoryProxy object (85)',3,'',2,12,'2023-04-27 00:55:58.407167');
INSERT INTO "django_admin_log" VALUES(933,'84','ShoppingHistoryProxy object (84)',3,'',2,12,'2023-04-27 00:55:58.409820');
INSERT INTO "django_admin_log" VALUES(934,'83','ShoppingHistoryProxy object (83)',3,'',2,12,'2023-04-27 00:55:58.411797');
INSERT INTO "django_admin_log" VALUES(935,'82','ShoppingHistoryProxy object (82)',3,'',2,12,'2023-04-27 00:55:58.413898');
INSERT INTO "django_admin_log" VALUES(936,'81','ShoppingHistoryProxy object (81)',3,'',2,12,'2023-04-27 00:55:58.460513');
INSERT INTO "django_admin_log" VALUES(937,'80','ShoppingHistoryProxy object (80)',3,'',2,12,'2023-04-27 00:55:58.463409');
INSERT INTO "django_admin_log" VALUES(938,'79','ShoppingHistoryProxy object (79)',3,'',2,12,'2023-04-27 00:55:58.465820');
INSERT INTO "django_admin_log" VALUES(939,'78','ShoppingHistoryProxy object (78)',3,'',2,12,'2023-04-27 00:55:58.467866');
INSERT INTO "django_admin_log" VALUES(940,'77','ShoppingHistoryProxy object (77)',3,'',2,12,'2023-04-27 00:55:58.469888');
INSERT INTO "django_admin_log" VALUES(941,'76','ShoppingHistoryProxy object (76)',3,'',2,12,'2023-04-27 00:55:58.471986');
INSERT INTO "django_admin_log" VALUES(942,'75','ShoppingHistoryProxy object (75)',3,'',2,12,'2023-04-27 00:55:58.474303');
INSERT INTO "django_admin_log" VALUES(943,'74','ShoppingHistoryProxy object (74)',3,'',2,12,'2023-04-27 00:55:58.476602');
INSERT INTO "django_admin_log" VALUES(944,'72','ShoppingHistoryProxy object (72)',3,'',2,12,'2023-04-27 00:55:58.479136');
INSERT INTO "django_admin_log" VALUES(945,'71','ShoppingHistoryProxy object (71)',3,'',2,12,'2023-04-27 00:55:58.481245');
INSERT INTO "django_admin_log" VALUES(946,'66','ShoppingHistoryProxy object (66)',3,'',2,12,'2023-04-27 00:55:58.483254');
INSERT INTO "django_admin_log" VALUES(947,'65','ShoppingHistoryProxy object (65)',3,'',2,12,'2023-04-27 00:55:58.485319');
INSERT INTO "django_admin_log" VALUES(948,'56','ShoppingHistoryProxy object (56)',3,'',2,12,'2023-04-27 00:55:58.487426');
INSERT INTO "django_admin_log" VALUES(949,'55','ShoppingHistoryProxy object (55)',3,'',2,12,'2023-04-27 00:55:58.490093');
INSERT INTO "django_admin_log" VALUES(950,'54','ShoppingHistoryProxy object (54)',3,'',2,12,'2023-04-27 00:55:58.492169');
INSERT INTO "django_admin_log" VALUES(951,'62','ShoppingHistoryProxy object (62)',3,'',2,12,'2023-04-27 00:55:58.494731');
INSERT INTO "django_admin_log" VALUES(952,'61','ShoppingHistoryProxy object (61)',3,'',2,12,'2023-04-27 00:55:58.497424');
INSERT INTO "django_admin_log" VALUES(953,'60','ShoppingHistoryProxy object (60)',3,'',2,12,'2023-04-27 00:55:58.499974');
INSERT INTO "django_admin_log" VALUES(954,'59','ShoppingHistoryProxy object (59)',3,'',2,12,'2023-04-27 00:55:58.503465');
INSERT INTO "django_admin_log" VALUES(955,'58','ShoppingHistoryProxy object (58)',3,'',2,12,'2023-04-27 00:55:58.505902');
INSERT INTO "django_admin_log" VALUES(956,'57','ShoppingHistoryProxy object (57)',3,'',2,12,'2023-04-27 00:55:58.508763');
INSERT INTO "django_admin_log" VALUES(957,'53','ShoppingHistoryProxy object (53)',3,'',2,12,'2023-04-27 00:55:58.511232');
INSERT INTO "django_admin_log" VALUES(958,'52','ShoppingHistoryProxy object (52)',3,'',2,12,'2023-04-27 00:55:58.513935');
INSERT INTO "django_admin_log" VALUES(959,'51','ShoppingHistoryProxy object (51)',3,'',2,12,'2023-04-27 00:55:58.516543');
INSERT INTO "django_admin_log" VALUES(960,'49','ShoppingHistoryProxy object (49)',3,'',2,12,'2023-04-27 00:55:58.518581');
INSERT INTO "django_admin_log" VALUES(961,'48','ShoppingHistoryProxy object (48)',3,'',2,12,'2023-04-27 00:55:58.560836');
INSERT INTO "django_admin_log" VALUES(962,'47','ShoppingHistoryProxy object (47)',3,'',2,12,'2023-04-27 00:55:58.563712');
INSERT INTO "django_admin_log" VALUES(963,'46','ShoppingHistoryProxy object (46)',3,'',2,12,'2023-04-27 00:55:58.565936');
INSERT INTO "django_admin_log" VALUES(964,'45','ShoppingHistoryProxy object (45)',3,'',2,12,'2023-04-27 00:55:58.568298');
INSERT INTO "django_admin_log" VALUES(965,'44','ShoppingHistoryProxy object (44)',3,'',2,12,'2023-04-27 00:55:58.571097');
INSERT INTO "django_admin_log" VALUES(966,'43','ShoppingHistoryProxy object (43)',3,'',2,12,'2023-04-27 00:55:58.573196');
INSERT INTO "django_admin_log" VALUES(967,'42','ShoppingHistoryProxy object (42)',3,'',2,12,'2023-04-27 00:55:58.575243');
INSERT INTO "django_admin_log" VALUES(968,'41','ShoppingHistoryProxy object (41)',3,'',2,12,'2023-04-27 00:55:58.577547');
INSERT INTO "django_admin_log" VALUES(969,'40','ShoppingHistoryProxy object (40)',3,'',2,12,'2023-04-27 00:55:58.580110');
INSERT INTO "django_admin_log" VALUES(970,'39','ShoppingHistoryProxy object (39)',3,'',2,12,'2023-04-27 00:55:58.582369');
INSERT INTO "django_admin_log" VALUES(971,'38','ShoppingHistoryProxy object (38)',3,'',2,12,'2023-04-27 00:55:58.585058');
INSERT INTO "django_admin_log" VALUES(972,'37','ShoppingHistoryProxy object (37)',3,'',2,12,'2023-04-27 00:55:58.588082');
INSERT INTO "django_admin_log" VALUES(973,'36','ShoppingHistoryProxy object (36)',3,'',2,12,'2023-04-27 00:55:58.590595');
INSERT INTO "django_admin_log" VALUES(974,'35','ShoppingHistoryProxy object (35)',3,'',2,12,'2023-04-27 00:55:58.593181');
INSERT INTO "django_admin_log" VALUES(975,'34','ShoppingHistoryProxy object (34)',3,'',2,12,'2023-04-27 00:55:58.595340');
INSERT INTO "django_admin_log" VALUES(976,'33','ShoppingHistoryProxy object (33)',3,'',2,12,'2023-04-27 00:55:58.597570');
INSERT INTO "django_admin_log" VALUES(977,'32','ShoppingHistoryProxy object (32)',3,'',2,12,'2023-04-27 00:55:58.599832');
INSERT INTO "django_admin_log" VALUES(978,'31','ShoppingHistoryProxy object (31)',3,'',2,12,'2023-04-27 00:55:58.601991');
INSERT INTO "django_admin_log" VALUES(979,'30','ShoppingHistoryProxy object (30)',3,'',2,12,'2023-04-27 00:55:58.604189');
INSERT INTO "django_admin_log" VALUES(980,'29','ShoppingHistoryProxy object (29)',3,'',2,12,'2023-04-27 00:55:58.606136');
INSERT INTO "django_admin_log" VALUES(981,'28','ShoppingHistoryProxy object (28)',3,'',2,12,'2023-04-27 00:55:58.608116');
INSERT INTO "django_admin_log" VALUES(982,'27','ShoppingHistoryProxy object (27)',3,'',2,12,'2023-04-27 00:55:58.610352');
INSERT INTO "django_admin_log" VALUES(983,'26','ShoppingHistoryProxy object (26)',3,'',2,12,'2023-04-27 00:55:58.612284');
INSERT INTO "django_admin_log" VALUES(984,'25','ShoppingHistoryProxy object (25)',3,'',2,12,'2023-04-27 00:55:58.660594');
INSERT INTO "django_admin_log" VALUES(985,'24','ShoppingHistoryProxy object (24)',3,'',2,12,'2023-04-27 00:55:58.664166');
INSERT INTO "django_admin_log" VALUES(986,'23','ShoppingHistoryProxy object (23)',3,'',2,12,'2023-04-27 00:55:58.666921');
INSERT INTO "django_admin_log" VALUES(987,'20','ShoppingHistoryProxy object (20)',3,'',2,12,'2023-04-27 00:55:58.668922');
INSERT INTO "django_admin_log" VALUES(988,'19','ShoppingHistoryProxy object (19)',3,'',2,12,'2023-04-27 00:55:58.671168');
INSERT INTO "django_admin_log" VALUES(989,'18','ShoppingHistoryProxy object (18)',3,'',2,12,'2023-04-27 00:55:58.673387');
INSERT INTO "django_admin_log" VALUES(990,'17','ShoppingHistoryProxy object (17)',3,'',2,12,'2023-04-27 00:55:58.675352');
INSERT INTO "django_admin_log" VALUES(991,'16','ShoppingHistoryProxy object (16)',3,'',2,12,'2023-04-27 00:55:58.677507');
INSERT INTO "django_admin_log" VALUES(992,'15','ShoppingHistoryProxy object (15)',3,'',2,12,'2023-04-27 00:55:58.679575');
INSERT INTO "django_admin_log" VALUES(993,'14','ShoppingHistoryProxy object (14)',3,'',2,12,'2023-04-27 00:55:58.681840');
INSERT INTO "django_admin_log" VALUES(994,'13','ShoppingHistoryProxy object (13)',3,'',2,12,'2023-04-27 00:55:58.683919');
INSERT INTO "django_admin_log" VALUES(995,'12','ShoppingHistoryProxy object (12)',3,'',2,12,'2023-04-27 00:55:58.686122');
INSERT INTO "django_admin_log" VALUES(996,'11','ShoppingHistoryProxy object (11)',3,'',2,12,'2023-04-27 00:55:58.688405');
INSERT INTO "django_admin_log" VALUES(997,'50','ShoppingHistoryProxy object (50)',3,'',2,12,'2023-04-27 00:55:58.690988');
INSERT INTO "django_admin_log" VALUES(998,'155','ShoppingHistoryProxy object (155)',2,'[{"changed": {"fields": ["\u6570"]}}]',2,10,'2023-04-27 05:49:14.455730');
INSERT INTO "django_admin_log" VALUES(999,'154','ShoppingHistoryProxy object (154)',2,'[{"changed": {"fields": ["\u6570"]}}]',2,9,'2023-04-27 12:44:24.541757');
INSERT INTO "django_admin_log" VALUES(1000,'155','ShoppingHistoryProxy object (155)',2,'[{"changed": {"fields": ["\u6570"]}}]',2,9,'2023-04-27 17:56:12.201855');
INSERT INTO "django_admin_log" VALUES(1001,'169','ShoppingHistoryProxy object (169)',3,'',2,9,'2023-04-27 17:56:47.393502');
INSERT INTO "django_admin_log" VALUES(1002,'235','ShoppingHistoryProxy object (235)',2,'[{"changed": {"fields": ["\u4fa1\u683c"]}}]',2,9,'2023-04-27 18:35:33.289722');
INSERT INTO "django_admin_log" VALUES(1003,'109','Shrimp Tempura',2,'[{"changed": {"fields": ["\u4fa1\u683c", "Note"]}}]',15,9,'2023-04-27 19:07:21.688939');
INSERT INTO "django_admin_log" VALUES(1004,'69','Cha-shu',2,'[{"changed": {"fields": ["\u5358\u4f4d", "Note"]}}]',15,9,'2023-04-27 19:08:52.619879');
INSERT INTO "django_admin_log" VALUES(1005,'282','ShoppingHistoryProxy object (282)',2,'[{"changed": {"fields": ["\u6570"]}}]',2,10,'2023-04-28 21:07:07.873274');
INSERT INTO "django_admin_log" VALUES(1006,'249','ShoppingHistoryProxy object (249)',2,'[{"changed": {"fields": ["\u6570"]}}]',2,9,'2023-04-28 21:11:09.718229');
INSERT INTO "django_admin_log" VALUES(1007,'249','ShoppingHistoryProxy object (249)',2,'[{"changed": {"fields": ["\u4fa1\u683c"]}}]',2,9,'2023-04-28 21:13:06.411043');
INSERT INTO "django_admin_log" VALUES(1008,'281','ShoppingHistoryProxy object (281)',2,'[{"changed": {"fields": ["\u6570"]}}]',2,9,'2023-04-29 01:59:14.154695');
INSERT INTO "django_admin_log" VALUES(1009,'281','ShoppingHistoryProxy object (281)',2,'[{"changed": {"fields": ["\u4fa1\u683c", "\u6570"]}}]',2,9,'2023-04-29 01:59:59.095080');
INSERT INTO "django_admin_log" VALUES(1010,'281','ShoppingHistoryProxy object (281)',2,'[{"changed": {"fields": ["\u6570"]}}]',2,9,'2023-04-29 02:01:11.047691');
INSERT INTO "django_admin_log" VALUES(1011,'44','Aburi sauce',3,'',11,12,'2023-04-30 02:01:16.990461');
INSERT INTO "django_admin_log" VALUES(1012,'100','Ahi Tuna',3,'',11,12,'2023-04-30 02:01:16.994871');
INSERT INTO "django_admin_log" VALUES(1013,'156','Aizu Homare',3,'',11,12,'2023-04-30 02:01:16.997983');
INSERT INTO "django_admin_log" VALUES(1014,'200','Alumi Foil',3,'',11,12,'2023-04-30 02:01:17.000417');
INSERT INTO "django_admin_log" VALUES(1015,'201','Alumi Foil Sushi',3,'',11,12,'2023-04-30 02:01:17.002483');
INSERT INTO "django_admin_log" VALUES(1016,'45','Amakara Sauce',3,'',11,12,'2023-04-30 02:01:17.004626');
INSERT INTO "django_admin_log" VALUES(1017,'62','Amazake Large',3,'',11,12,'2023-04-30 02:01:17.006800');
INSERT INTO "django_admin_log" VALUES(1018,'63','Amazake small',3,'',11,12,'2023-04-30 02:01:17.008929');
INSERT INTO "django_admin_log" VALUES(1019,'155','Apple cider',3,'',11,12,'2023-04-30 02:01:17.011259');
INSERT INTO "django_admin_log" VALUES(1020,'15','Avocado',3,'',11,12,'2023-04-30 02:01:17.013993');
INSERT INTO "django_admin_log" VALUES(1021,'142','Awase vinegar',3,'',11,12,'2023-04-30 02:01:17.016370');
INSERT INTO "django_admin_log" VALUES(1022,'51','Beansprout',3,'',11,12,'2023-04-30 02:01:17.018689');
INSERT INTO "django_admin_log" VALUES(1023,'19','Bell Pepper(Poke）',3,'',11,12,'2023-04-30 02:01:17.021129');
INSERT INTO "django_admin_log" VALUES(1024,'140','Black oil',3,'',11,12,'2023-04-30 02:01:17.023304');
INSERT INTO "django_admin_log" VALUES(1025,'206','Bleach',3,'',11,12,'2023-04-30 02:01:17.025320');
INSERT INTO "django_admin_log" VALUES(1026,'114','Boild noodle',3,'',11,12,'2023-04-30 02:01:17.027325');
INSERT INTO "django_admin_log" VALUES(1027,'85','Buddha Bowl Sauce',3,'',11,12,'2023-04-30 02:01:17.029512');
INSERT INTO "django_admin_log" VALUES(1028,'70','Buddha Bowl Veggie',3,'',11,12,'2023-04-30 02:01:17.031928');
INSERT INTO "django_admin_log" VALUES(1029,'90','Butter ramen',3,'',11,12,'2023-04-30 02:01:17.034223');
INSERT INTO "django_admin_log" VALUES(1030,'147','COKE',3,'',11,12,'2023-04-30 02:01:17.036486');
INSERT INTO "django_admin_log" VALUES(1031,'148','COKE Zero',3,'',11,12,'2023-04-30 02:01:17.038809');
INSERT INTO "django_admin_log" VALUES(1032,'52','Cabbage (Mix veg)',3,'',11,12,'2023-04-30 02:01:17.040830');
INSERT INTO "django_admin_log" VALUES(1033,'149','Canada Dry',3,'',11,12,'2023-04-30 02:01:17.042869');
INSERT INTO "django_admin_log" VALUES(1034,'138','Canola OIL',3,'',11,12,'2023-04-30 02:01:17.094285');
INSERT INTO "django_admin_log" VALUES(1035,'53','Carrot (Mix veg)',3,'',11,12,'2023-04-30 02:01:17.097043');
INSERT INTO "django_admin_log" VALUES(1036,'69','Cha-shu',3,'',11,12,'2023-04-30 02:01:17.099594');
INSERT INTO "django_admin_log" VALUES(1037,'223','Chakkaman',3,'',11,12,'2023-04-30 02:01:17.102360');
INSERT INTO "django_admin_log" VALUES(1038,'92','Chamomile',3,'',11,12,'2023-04-30 02:01:17.104993');
INSERT INTO "django_admin_log" VALUES(1039,'73','Chicken soup',3,'',11,12,'2023-04-30 02:01:17.107584');
INSERT INTO "django_admin_log" VALUES(1040,'68','Chicken thigh(fresh)',3,'',11,12,'2023-04-30 02:01:17.110650');
INSERT INTO "django_admin_log" VALUES(1041,'42','Chili Oil',3,'',11,12,'2023-04-30 02:01:17.113130');
INSERT INTO "django_admin_log" VALUES(1042,'189','Chop Sticks',3,'',11,12,'2023-04-30 02:01:17.115377');
INSERT INTO "django_admin_log" VALUES(1043,'55','Cirantro',3,'',11,12,'2023-04-30 02:01:17.117395');
INSERT INTO "django_admin_log" VALUES(1044,'188','Coffee cup (Lid)',3,'',11,12,'2023-04-30 02:01:17.119410');
INSERT INTO "django_admin_log" VALUES(1045,'177','Coffee cup(Body)',3,'',11,12,'2023-04-30 02:01:17.121462');
INSERT INTO "django_admin_log" VALUES(1046,'77','Cold Ramen Spicy',3,'',11,12,'2023-04-30 02:01:17.123883');
INSERT INTO "django_admin_log" VALUES(1047,'9','Cooked Teriyaki chicken(4kg/pk)',3,'',11,12,'2023-04-30 02:01:17.126038');
INSERT INTO "django_admin_log" VALUES(1048,'124','Cornstarch',3,'',11,12,'2023-04-30 02:01:17.128397');
INSERT INTO "django_admin_log" VALUES(1049,'128','Cream cheese',3,'',11,12,'2023-04-30 02:01:17.130666');
INSERT INTO "django_admin_log" VALUES(1050,'16','Cucumber(sushi)',3,'',11,12,'2023-04-30 02:01:17.133397');
INSERT INTO "django_admin_log" VALUES(1051,'18','Cucumber（Poke）',3,'',11,12,'2023-04-30 02:01:17.135652');
INSERT INTO "django_admin_log" VALUES(1052,'166','Cup (8 oz )Body',3,'',11,12,'2023-04-30 02:01:17.138446');
INSERT INTO "django_admin_log" VALUES(1053,'222','Cup Sleeve',3,'',11,12,'2023-04-30 02:01:17.140866');
INSERT INTO "django_admin_log" VALUES(1054,'75','Curry sauce',3,'',11,12,'2023-04-30 02:01:17.143055');
INSERT INTO "django_admin_log" VALUES(1055,'4','Cut Tuna',3,'',11,12,'2023-04-30 02:01:17.146124');
INSERT INTO "django_admin_log" VALUES(1056,'5','Cut WHOLE salmon',3,'',11,12,'2023-04-30 02:01:17.194325');
INSERT INTO "django_admin_log" VALUES(1057,'160','Dassai',3,'',11,12,'2023-04-30 02:01:17.196837');
INSERT INTO "django_admin_log" VALUES(1058,'209','Detergent Dish wash',3,'',11,12,'2023-04-30 02:01:17.199179');
INSERT INTO "django_admin_log" VALUES(1059,'197','Duster',3,'',11,12,'2023-04-30 02:01:17.201118');
INSERT INTO "django_admin_log" VALUES(1060,'96','Earl Grey',3,'',11,12,'2023-04-30 02:01:17.203478');
INSERT INTO "django_admin_log" VALUES(1061,'110','Edamame',3,'',11,12,'2023-04-30 02:01:17.205935');
INSERT INTO "django_admin_log" VALUES(1062,'107','Edamame(beans)',3,'',11,12,'2023-04-30 02:01:17.208291');
INSERT INTO "django_admin_log" VALUES(1063,'22','Eel',3,'',11,12,'2023-04-30 02:01:17.210470');
INSERT INTO "django_admin_log" VALUES(1064,'43','Eel Sauce',3,'',11,12,'2023-04-30 02:01:17.212491');
INSERT INTO "django_admin_log" VALUES(1065,'143','Egg',3,'',11,12,'2023-04-30 02:01:17.214799');
INSERT INTO "django_admin_log" VALUES(1066,'216','Flat Box',3,'',11,12,'2023-04-30 02:01:17.217220');
INSERT INTO "django_admin_log" VALUES(1067,'8','Fried Karaage',3,'',11,12,'2023-04-30 02:01:17.219692');
INSERT INTO "django_admin_log" VALUES(1068,'13','Fried onion',3,'',11,12,'2023-04-30 02:01:17.221865');
INSERT INTO "django_admin_log" VALUES(1069,'6','Frozen WHOLE salmon',3,'',11,12,'2023-04-30 02:01:17.224120');
INSERT INTO "django_admin_log" VALUES(1070,'1','Frozen tuna box',3,'',11,12,'2023-04-30 02:01:17.227407');
INSERT INTO "django_admin_log" VALUES(1071,'157','Fukucho hattanso',3,'',11,12,'2023-04-30 02:01:17.229546');
INSERT INTO "django_admin_log" VALUES(1072,'212','Garbage bag L',3,'',11,12,'2023-04-30 02:01:17.232146');
INSERT INTO "django_admin_log" VALUES(1073,'211','Garbage bag M',3,'',11,12,'2023-04-30 02:01:17.234353');
INSERT INTO "django_admin_log" VALUES(1074,'210','Garbage bag S',3,'',11,12,'2023-04-30 02:01:17.236706');
INSERT INTO "django_admin_log" VALUES(1075,'221','Gas bottlie',3,'',11,12,'2023-04-30 02:01:17.239855');
INSERT INTO "django_admin_log" VALUES(1076,'94','Genmai tea',3,'',11,12,'2023-04-30 02:01:17.242734');
INSERT INTO "django_admin_log" VALUES(1077,'32','Ginger',3,'',11,12,'2023-04-30 02:01:17.245049');
INSERT INTO "django_admin_log" VALUES(1078,'132','Ginger orosi',3,'',11,12,'2023-04-30 02:01:17.293795');
INSERT INTO "django_admin_log" VALUES(1079,'196','Gloves(Poli）',3,'',11,12,'2023-04-30 02:01:17.296584');
INSERT INTO "django_admin_log" VALUES(1080,'195','Gloves（Vinyl）Large',3,'',11,12,'2023-04-30 02:01:17.298861');
INSERT INTO "django_admin_log" VALUES(1081,'194','Gloves（Vinyl）Medium',3,'',11,12,'2023-04-30 02:01:17.300791');
INSERT INTO "django_admin_log" VALUES(1082,'47','Green Onion(Ramen)',3,'',11,12,'2023-04-30 02:01:17.302795');
INSERT INTO "django_admin_log" VALUES(1083,'21','Green Onion(Sushi)',3,'',11,12,'2023-04-30 02:01:17.305085');
INSERT INTO "django_admin_log" VALUES(1084,'224','Green leef lettuce',3,'',11,12,'2023-04-30 02:01:17.307428');
INSERT INTO "django_admin_log" VALUES(1085,'93','Green tea',3,'',11,12,'2023-04-30 02:01:17.310427');
INSERT INTO "django_admin_log" VALUES(1086,'80','Gyouza Sauce',3,'',11,12,'2023-04-30 02:01:17.312853');
INSERT INTO "django_admin_log" VALUES(1087,'111','Gyoza',3,'',11,12,'2023-04-30 02:01:17.314895');
INSERT INTO "django_admin_log" VALUES(1088,'26','Half rice',3,'',11,12,'2023-04-30 02:01:17.317071');
INSERT INTO "django_admin_log" VALUES(1089,'117','Harusame',3,'',11,12,'2023-04-30 02:01:17.319274');
INSERT INTO "django_admin_log" VALUES(1090,'29','Imitation Crab',3,'',11,12,'2023-04-30 02:01:17.321559');
INSERT INTO "django_admin_log" VALUES(1091,'105','Inari',3,'',11,12,'2023-04-30 02:01:17.324510');
INSERT INTO "django_admin_log" VALUES(1092,'56','Jalepenos',3,'',11,12,'2023-04-30 02:01:17.327760');
INSERT INTO "django_admin_log" VALUES(1093,'86','KOKORO',3,'',11,12,'2023-04-30 02:01:17.330321');
INSERT INTO "django_admin_log" VALUES(1094,'198','Kitchen Paper',3,'',11,12,'2023-04-30 02:01:17.332963');
INSERT INTO "django_admin_log" VALUES(1095,'158','Koikawa junmai',3,'',11,12,'2023-04-30 02:01:17.335154');
INSERT INTO "django_admin_log" VALUES(1096,'30','Lemon slice',3,'',11,12,'2023-04-30 02:01:17.337527');
INSERT INTO "django_admin_log" VALUES(1097,'17','Lettuce(Poke)',3,'',11,12,'2023-04-30 02:01:17.339654');
INSERT INTO "django_admin_log" VALUES(1098,'104','Masago',3,'',11,12,'2023-04-30 02:01:17.341931');
INSERT INTO "django_admin_log" VALUES(1099,'41','Mayonaise',3,'',11,12,'2023-04-30 02:01:17.344263');
INSERT INTO "django_admin_log" VALUES(1100,'137','Miso',3,'',11,12,'2023-04-30 02:01:17.393663');
INSERT INTO "django_admin_log" VALUES(1101,'78','Miso Ramen Sauce',3,'',11,12,'2023-04-30 02:01:17.396171');
INSERT INTO "django_admin_log" VALUES(1102,'58','Miso chickpea',3,'',11,12,'2023-04-30 02:01:17.398606');
INSERT INTO "django_admin_log" VALUES(1103,'59','Miso shiro',3,'',11,12,'2023-04-30 02:01:17.401760');
INSERT INTO "django_admin_log" VALUES(1104,'46','Mix Veggie',3,'',11,12,'2023-04-30 02:01:17.404664');
INSERT INTO "django_admin_log" VALUES(1105,'50','Mix leaf',3,'',11,12,'2023-04-30 02:01:17.406791');
INSERT INTO "django_admin_log" VALUES(1106,'91','Namamen',3,'',11,12,'2023-04-30 02:01:17.409393');
INSERT INTO "django_admin_log" VALUES(1107,'119','Nori(full)',3,'',11,12,'2023-04-30 02:01:17.411472');
INSERT INTO "django_admin_log" VALUES(1108,'120','Nori(half)',3,'',11,12,'2023-04-30 02:01:17.413692');
INSERT INTO "django_admin_log" VALUES(1109,'139','Oikatsuo',3,'',11,12,'2023-04-30 02:01:17.415893');
INSERT INTO "django_admin_log" VALUES(1110,'190','Paper Napkin',3,'',11,12,'2023-04-30 02:01:17.417852');
INSERT INTO "django_admin_log" VALUES(1111,'199','Paper Sushi',3,'',11,12,'2023-04-30 02:01:28.138566');
INSERT INTO "django_admin_log" VALUES(1112,'220','Pen(Sharpie)',3,'',11,12,'2023-04-30 02:01:28.142674');
INSERT INTO "django_admin_log" VALUES(1113,'95','Peppar mint tea',3,'',11,12,'2023-04-30 02:01:28.145417');
INSERT INTO "django_admin_log" VALUES(1114,'23','Pickled carrots',3,'',11,12,'2023-04-30 02:01:28.148150');
INSERT INTO "django_admin_log" VALUES(1115,'207','Pipe cleaner 2.7L',3,'',11,12,'2023-04-30 02:01:28.150608');
INSERT INTO "django_admin_log" VALUES(1116,'203','Plastic Brush',3,'',11,12,'2023-04-30 02:01:28.152788');
INSERT INTO "django_admin_log" VALUES(1117,'71','Pork hikiniku',3,'',11,12,'2023-04-30 02:01:28.155460');
INSERT INTO "django_admin_log" VALUES(1118,'14','Pre cooked shrimp',3,'',11,12,'2023-04-30 02:01:28.157582');
INSERT INTO "django_admin_log" VALUES(1119,'218','Printer Ribbon',3,'',11,12,'2023-04-30 02:01:28.159638');
INSERT INTO "django_admin_log" VALUES(1120,'213','Printer roll',3,'',11,12,'2023-04-30 02:01:28.161656');
INSERT INTO "django_admin_log" VALUES(1121,'215','Printer roll card',3,'',11,12,'2023-04-30 02:01:28.163627');
INSERT INTO "django_admin_log" VALUES(1122,'214','Printer roll(kitchen)',3,'',11,12,'2023-04-30 02:01:28.165724');
INSERT INTO "django_admin_log" VALUES(1123,'79','Ramen Spicy',3,'',11,12,'2023-04-30 02:01:28.167785');
INSERT INTO "django_admin_log" VALUES(1124,'112','Ramen noodle',3,'',11,12,'2023-04-30 02:01:28.169872');
INSERT INTO "django_admin_log" VALUES(1125,'57','Raw Fried Onion',3,'',11,12,'2023-04-30 02:01:28.171941');
INSERT INTO "django_admin_log" VALUES(1126,'66','Raw Karaage',3,'',11,12,'2023-04-30 02:01:28.174593');
INSERT INTO "django_admin_log" VALUES(1127,'67','Raw Teriyaki chicken',3,'',11,12,'2023-04-30 02:01:28.177411');
INSERT INTO "django_admin_log" VALUES(1128,'101','Real crab',3,'',11,12,'2023-04-30 02:01:28.180333');
INSERT INTO "django_admin_log" VALUES(1129,'154','Red wine',3,'',11,12,'2023-04-30 02:01:28.183229');
INSERT INTO "django_admin_log" VALUES(1130,'25','Rice',3,'',11,12,'2023-04-30 02:01:28.186376');
INSERT INTO "django_admin_log" VALUES(1131,'118','Rice noodle',3,'',11,12,'2023-04-30 02:01:28.188744');
INSERT INTO "django_admin_log" VALUES(1132,'27','Rice sekka',3,'',11,12,'2023-04-30 02:01:28.191322');
INSERT INTO "django_admin_log" VALUES(1133,'159','Sake - Yoshinogawa',3,'',11,12,'2023-04-30 02:01:28.193396');
INSERT INTO "django_admin_log" VALUES(1134,'64','Salmon KAMA',3,'',11,12,'2023-04-30 02:01:28.241230');
INSERT INTO "django_admin_log" VALUES(1135,'65','Salmon SOGIMI',3,'',11,12,'2023-04-30 02:01:28.243481');
INSERT INTO "django_admin_log" VALUES(1136,'146','Sanpellegrio Lemon',3,'',11,12,'2023-04-30 02:01:28.246102');
INSERT INTO "django_admin_log" VALUES(1137,'145','Sanpellegrio Orange',3,'',11,12,'2023-04-30 02:01:28.248388');
INSERT INTO "django_admin_log" VALUES(1138,'151','Sapporo beer',3,'',11,12,'2023-04-30 02:01:28.250570');
INSERT INTO "django_admin_log" VALUES(1139,'144','Sasanoha',3,'',11,12,'2023-04-30 02:01:28.252858');
INSERT INTO "django_admin_log" VALUES(1140,'178','Sauce Cup (1.5/2oz) Lid',3,'',11,12,'2023-04-30 02:01:28.255233');
INSERT INTO "django_admin_log" VALUES(1141,'164','Sauce Cup (1.5/2oz)Body',3,'',11,12,'2023-04-30 02:01:28.257587');
INSERT INTO "django_admin_log" VALUES(1142,'165','Sauce Cup (3.25oz)Body',3,'',11,12,'2023-04-30 02:01:28.259789');
INSERT INTO "django_admin_log" VALUES(1143,'179','Sauce Cup (8oz) Lid',3,'',11,12,'2023-04-30 02:01:28.262307');
INSERT INTO "django_admin_log" VALUES(1144,'103','Scallop',3,'',11,12,'2023-04-30 02:01:28.265063');
INSERT INTO "django_admin_log" VALUES(1145,'37','Seafood Poke',3,'',11,12,'2023-04-30 02:01:28.267431');
INSERT INTO "django_admin_log" VALUES(1146,'97','Seafood mix',3,'',11,12,'2023-04-30 02:01:28.270273');
INSERT INTO "django_admin_log" VALUES(1147,'106','Seaweed',3,'',11,12,'2023-04-30 02:01:28.273146');
INSERT INTO "django_admin_log" VALUES(1148,'129','Sesame',3,'',11,12,'2023-04-30 02:01:28.276238');
INSERT INTO "django_admin_log" VALUES(1149,'131','Sesami dressing',3,'',11,12,'2023-04-30 02:01:28.278440');
INSERT INTO "django_admin_log" VALUES(1150,'99','Shabushabu meat',3,'',11,12,'2023-04-30 02:01:28.280321');
INSERT INTO "django_admin_log" VALUES(1151,'98','Shabushabu set',3,'',11,12,'2023-04-30 02:01:28.282612');
INSERT INTO "django_admin_log" VALUES(1152,'7','Shiitake mushroom',3,'',11,12,'2023-04-30 02:01:28.285027');
INSERT INTO "django_admin_log" VALUES(1153,'82','Shiokouji',3,'',11,12,'2023-04-30 02:01:28.287555');
INSERT INTO "django_admin_log" VALUES(1154,'72','Shiokouji Chicken',3,'',11,12,'2023-04-30 02:01:28.289802');
INSERT INTO "django_admin_log" VALUES(1155,'48','Shiraga Onion',3,'',11,12,'2023-04-30 02:01:28.292299');
INSERT INTO "django_admin_log" VALUES(1156,'130','Shredded Chili',3,'',11,12,'2023-04-30 02:01:28.340651');
INSERT INTO "django_admin_log" VALUES(1157,'109','Shrimp Tempura',3,'',11,12,'2023-04-30 02:01:28.343233');
INSERT INTO "django_admin_log" VALUES(1158,'61','Sio koji',3,'',11,12,'2023-04-30 02:01:28.345587');
INSERT INTO "django_admin_log" VALUES(1159,'74','Sio soup',3,'',11,12,'2023-04-30 02:01:28.348239');
INSERT INTO "django_admin_log" VALUES(1160,'152','Sleeman Honey Lager',3,'',11,12,'2023-04-30 02:01:28.351388');
INSERT INTO "django_admin_log" VALUES(1161,'108','Soft shell crab',3,'',11,12,'2023-04-30 02:01:28.353795');
INSERT INTO "django_admin_log" VALUES(1162,'167','Soup Cup (12oz) Body',3,'',11,12,'2023-04-30 02:01:28.356493');
INSERT INTO "django_admin_log" VALUES(1163,'180','Soup Cup (12oz) Lid',3,'',11,12,'2023-04-30 02:01:28.358701');
INSERT INTO "django_admin_log" VALUES(1164,'181','Soup Cup (16 oz)Lid',3,'',11,12,'2023-04-30 02:01:28.360802');
INSERT INTO "django_admin_log" VALUES(1165,'168','Soup Cup (16oz) Body',3,'',11,12,'2023-04-30 02:01:28.363481');
INSERT INTO "django_admin_log" VALUES(1166,'135','Soy sauce gluten free',3,'',11,12,'2023-04-30 02:01:28.365954');
INSERT INTO "django_admin_log" VALUES(1167,'136','Soy sauce less sodium',3,'',11,12,'2023-04-30 02:01:28.368406');
INSERT INTO "django_admin_log" VALUES(1168,'133','Soy sauce take out',3,'',11,12,'2023-04-30 02:01:28.371063');
INSERT INTO "django_admin_log" VALUES(1169,'122','Soy sheet(Cream,Goma)',3,'',11,12,'2023-04-30 02:01:28.373247');
INSERT INTO "django_admin_log" VALUES(1170,'121','Soy sheet(Green,Yellow)',3,'',11,12,'2023-04-30 02:01:28.375290');
INSERT INTO "django_admin_log" VALUES(1171,'40','Spicy Mayo',3,'',11,12,'2023-04-30 02:01:28.377619');
INSERT INTO "django_admin_log" VALUES(1172,'39','Spicy sauce',3,'',11,12,'2023-04-30 02:01:28.380184');
INSERT INTO "django_admin_log" VALUES(1173,'115','Spinach noodle',3,'',11,12,'2023-04-30 02:01:28.383063');
INSERT INTO "django_admin_log" VALUES(1174,'204','Sponge',3,'',11,12,'2023-04-30 02:01:28.385228');
INSERT INTO "django_admin_log" VALUES(1175,'226','Sponge (hard)',3,'',11,12,'2023-04-30 02:01:28.387262');
INSERT INTO "django_admin_log" VALUES(1176,'34','Sunomono Juice',3,'',11,12,'2023-04-30 02:01:28.389978');
INSERT INTO "django_admin_log" VALUES(1177,'31','Sunonmono Cucumber',3,'',11,12,'2023-04-30 02:01:28.393213');
INSERT INTO "django_admin_log" VALUES(1178,'163','Sushi TOGO (Double)',3,'',11,12,'2023-04-30 02:01:28.440475');
INSERT INTO "django_admin_log" VALUES(1179,'162','Sushi TOGO (Single)',3,'',11,12,'2023-04-30 02:01:28.442708');
INSERT INTO "django_admin_log" VALUES(1180,'161','Sushi TOGO (Small)',3,'',11,12,'2023-04-30 02:01:28.444558');
INSERT INTO "django_admin_log" VALUES(1181,'24','Sushi rice',3,'',11,12,'2023-04-30 02:01:28.446829');
INSERT INTO "django_admin_log" VALUES(1182,'102','Sushi shrimp',3,'',11,12,'2023-04-30 02:01:28.448712');
INSERT INTO "django_admin_log" VALUES(1183,'28','Sweet rice',3,'',11,12,'2023-04-30 02:01:28.450921');
INSERT INTO "django_admin_log" VALUES(1184,'193','TO GO Bag',3,'',11,12,'2023-04-30 02:01:28.453055');
INSERT INTO "django_admin_log" VALUES(1185,'191','TO GO Fork',3,'',11,12,'2023-04-30 02:01:28.455129');
INSERT INTO "django_admin_log" VALUES(1186,'192','TO GO Spoon',3,'',11,12,'2023-04-30 02:01:28.457169');
INSERT INTO "django_admin_log" VALUES(1187,'217','Tape',3,'',11,12,'2023-04-30 02:01:28.459167');
INSERT INTO "django_admin_log" VALUES(1188,'12','Tempura Crunch',3,'',11,12,'2023-04-30 02:01:28.461044');
INSERT INTO "django_admin_log" VALUES(1189,'11','Tempura Yam',3,'',11,12,'2023-04-30 02:01:28.463746');
INSERT INTO "django_admin_log" VALUES(1190,'123','Tempura powder',3,'',11,12,'2023-04-30 02:01:28.466352');
INSERT INTO "django_admin_log" VALUES(1191,'81','Teriyaki Noodle sauce',3,'',11,12,'2023-04-30 02:01:28.468556');
INSERT INTO "django_admin_log" VALUES(1192,'76','Teriyaki Sauce',3,'',11,12,'2023-04-30 02:01:28.471281');
INSERT INTO "django_admin_log" VALUES(1193,'87','Teriyaki chicken bowl',3,'',11,12,'2023-04-30 02:01:28.474092');
INSERT INTO "django_admin_log" VALUES(1194,'10','Teriyaki chicken frozen pack',3,'',11,12,'2023-04-30 02:01:28.476626');
INSERT INTO "django_admin_log" VALUES(1195,'113','Teriyaki noodle',3,'',11,12,'2023-04-30 02:01:28.479530');
INSERT INTO "django_admin_log" VALUES(1196,'175','To Go Chicken Noodle(Body)',3,'',11,12,'2023-04-30 02:01:28.482154');
INSERT INTO "django_admin_log" VALUES(1197,'186','To Go Chicken Noodle(Lid)',3,'',11,12,'2023-04-30 02:01:28.484301');
INSERT INTO "django_admin_log" VALUES(1198,'187','To Go Poke bowl(Lid)',3,'',11,12,'2023-04-30 02:01:28.486580');
INSERT INTO "django_admin_log" VALUES(1199,'176','To Go Poke bowl(body)',3,'',11,12,'2023-04-30 02:01:28.489492');
INSERT INTO "django_admin_log" VALUES(1200,'173','To Go Ra-men (Body)',3,'',11,12,'2023-04-30 02:01:28.540612');
INSERT INTO "django_admin_log" VALUES(1201,'185','To Go Ra-men (Lid)',3,'',11,12,'2023-04-30 02:01:28.543538');
INSERT INTO "django_admin_log" VALUES(1202,'174','To Go Rice Bowl (Body)',3,'',11,12,'2023-04-30 02:01:28.545922');
INSERT INTO "django_admin_log" VALUES(1203,'184','To Go Sushi (Round Large) Lid',3,'',11,12,'2023-04-30 02:01:28.548388');
INSERT INTO "django_admin_log" VALUES(1204,'172','To Go Sushi (Round Large)Body',3,'',11,12,'2023-04-30 02:01:28.551089');
INSERT INTO "django_admin_log" VALUES(1205,'171','To Go Sushi (Round Medium)Body',3,'',11,12,'2023-04-30 02:01:28.553342');
INSERT INTO "django_admin_log" VALUES(1206,'183','To Go Sushi (Round medium)Lid',3,'',11,12,'2023-04-30 02:01:28.555509');
INSERT INTO "django_admin_log" VALUES(1207,'170','To Go Sushi (Round small)Body',3,'',11,12,'2023-04-30 02:01:28.557649');
INSERT INTO "django_admin_log" VALUES(1208,'182','To Go Sushi (Round small)Lid',3,'',11,12,'2023-04-30 02:01:28.559920');
INSERT INTO "django_admin_log" VALUES(1209,'169','To Go Sushi (Square) body',3,'',11,12,'2023-04-30 02:01:28.562056');
INSERT INTO "django_admin_log" VALUES(1210,'225','To Go Sushi (Square)lid',3,'',11,12,'2023-04-30 02:01:28.564827');
INSERT INTO "django_admin_log" VALUES(1211,'127','Tofu',3,'',11,12,'2023-04-30 02:01:35.451092');
INSERT INTO "django_admin_log" VALUES(1212,'60','Tofu',3,'',11,12,'2023-04-30 02:01:35.453881');
INSERT INTO "django_admin_log" VALUES(1213,'208','Toilet cleaner spray',3,'',11,12,'2023-04-30 02:01:35.455975');
INSERT INTO "django_admin_log" VALUES(1214,'35','Tuna Poke',3,'',11,12,'2023-04-30 02:01:35.458302');
INSERT INTO "django_admin_log" VALUES(1215,'116','Udon',3,'',11,12,'2023-04-30 02:01:35.460731');
INSERT INTO "django_admin_log" VALUES(1216,'141','Vegan sauce',3,'',11,12,'2023-04-30 02:01:35.463305');
INSERT INTO "django_admin_log" VALUES(1217,'38','Vegan sesami dressing',3,'',11,12,'2023-04-30 02:01:35.465924');
INSERT INTO "django_admin_log" VALUES(1218,'88','Veggie nigiri',3,'',11,12,'2023-04-30 02:01:35.468429');
INSERT INTO "django_admin_log" VALUES(1219,'89','Veggie rainbow',3,'',11,12,'2023-04-30 02:01:35.471176');
INSERT INTO "django_admin_log" VALUES(1220,'20','W,Onion',3,'',11,12,'2023-04-30 02:01:35.473925');
INSERT INTO "django_admin_log" VALUES(1221,'134','Wasabi paste',3,'',11,12,'2023-04-30 02:01:35.476698');
INSERT INTO "django_admin_log" VALUES(1222,'150','Water Bottle',3,'',11,12,'2023-04-30 02:01:35.479702');
INSERT INTO "django_admin_log" VALUES(1223,'36','White Poke',3,'',11,12,'2023-04-30 02:01:35.481777');
INSERT INTO "django_admin_log" VALUES(1224,'153','White wine',3,'',11,12,'2023-04-30 02:01:35.484159');
INSERT INTO "django_admin_log" VALUES(1225,'202','Wrap',3,'',11,12,'2023-04-30 02:01:35.486576');
INSERT INTO "django_admin_log" VALUES(1226,'84','Yakiniku-DON',3,'',11,12,'2023-04-30 02:01:35.489051');
INSERT INTO "django_admin_log" VALUES(1227,'83','Yakiniku-sauce',3,'',11,12,'2023-04-30 02:01:35.490976');
INSERT INTO "django_admin_log" VALUES(1228,'49','Yam',3,'',11,12,'2023-04-30 02:01:35.492959');
INSERT INTO "django_admin_log" VALUES(1229,'219','Ziploc',3,'',11,12,'2023-04-30 02:01:35.494976');
INSERT INTO "django_admin_log" VALUES(1230,'54','mushroom',3,'',11,12,'2023-04-30 02:01:35.496943');
INSERT INTO "django_admin_log" VALUES(1231,'126','smoked tofu',3,'',11,12,'2023-04-30 02:01:35.498866');
INSERT INTO "django_admin_log" VALUES(1232,'125','wasabi powder',3,'',11,12,'2023-04-30 02:01:35.501216');
INSERT INTO "django_admin_log" VALUES(1233,'227','削除された材料',3,'',11,12,'2023-04-30 02:01:35.503383');
INSERT INTO "django_admin_log" VALUES(1234,'127','Tofu',3,'',11,12,'2023-04-30 02:01:56.058855');
INSERT INTO "django_admin_log" VALUES(1235,'60','Tofu',3,'',11,12,'2023-04-30 02:01:56.061733');
INSERT INTO "django_admin_log" VALUES(1236,'208','Toilet cleaner spray',3,'',11,12,'2023-04-30 02:01:56.064003');
INSERT INTO "django_admin_log" VALUES(1237,'35','Tuna Poke',3,'',11,12,'2023-04-30 02:01:56.065997');
INSERT INTO "django_admin_log" VALUES(1238,'116','Udon',3,'',11,12,'2023-04-30 02:01:56.068061');
INSERT INTO "django_admin_log" VALUES(1239,'141','Vegan sauce',3,'',11,12,'2023-04-30 02:01:56.070228');
INSERT INTO "django_admin_log" VALUES(1240,'38','Vegan sesami dressing',3,'',11,12,'2023-04-30 02:01:56.072436');
INSERT INTO "django_admin_log" VALUES(1241,'88','Veggie nigiri',3,'',11,12,'2023-04-30 02:01:56.074798');
INSERT INTO "django_admin_log" VALUES(1242,'89','Veggie rainbow',3,'',11,12,'2023-04-30 02:01:56.077001');
INSERT INTO "django_admin_log" VALUES(1243,'20','W,Onion',3,'',11,12,'2023-04-30 02:01:56.079149');
INSERT INTO "django_admin_log" VALUES(1244,'134','Wasabi paste',3,'',11,12,'2023-04-30 02:01:56.081671');
INSERT INTO "django_admin_log" VALUES(1245,'150','Water Bottle',3,'',11,12,'2023-04-30 02:01:56.085083');
INSERT INTO "django_admin_log" VALUES(1246,'36','White Poke',3,'',11,12,'2023-04-30 02:01:56.087887');
INSERT INTO "django_admin_log" VALUES(1247,'153','White wine',3,'',11,12,'2023-04-30 02:01:56.090028');
INSERT INTO "django_admin_log" VALUES(1248,'202','Wrap',3,'',11,12,'2023-04-30 02:01:56.092319');
INSERT INTO "django_admin_log" VALUES(1249,'84','Yakiniku-DON',3,'',11,12,'2023-04-30 02:01:56.094598');
INSERT INTO "django_admin_log" VALUES(1250,'83','Yakiniku-sauce',3,'',11,12,'2023-04-30 02:01:56.096922');
INSERT INTO "django_admin_log" VALUES(1251,'49','Yam',3,'',11,12,'2023-04-30 02:01:56.098954');
INSERT INTO "django_admin_log" VALUES(1252,'219','Ziploc',3,'',11,12,'2023-04-30 02:01:56.101048');
INSERT INTO "django_admin_log" VALUES(1253,'54','mushroom',3,'',11,12,'2023-04-30 02:01:56.103240');
INSERT INTO "django_admin_log" VALUES(1254,'126','smoked tofu',3,'',11,12,'2023-04-30 02:01:56.105446');
INSERT INTO "django_admin_log" VALUES(1255,'125','wasabi powder',3,'',11,12,'2023-04-30 02:01:56.107772');
CREATE UNIQUE INDEX "auth_group_permissions_group_id_permission_id_0cd325b0_uniq" ON "auth_group_permissions" ("group_id", "permission_id");
CREATE INDEX IF NOT EXISTS "auth_group_permissions_group_id_b120cbf9" ON "auth_group_permissions" ("group_id");
CREATE INDEX IF NOT EXISTS "auth_group_permissions_permission_id_84c5c92e" ON "auth_group_permissions" ("permission_id");
CREATE UNIQUE INDEX "auth_user_groups_user_id_group_id_94350c0c_uniq" ON "auth_user_groups" ("user_id", "group_id");
CREATE INDEX IF NOT EXISTS "auth_user_groups_user_id_6a12ed8b" ON "auth_user_groups" ("user_id");
CREATE INDEX IF NOT EXISTS "auth_user_groups_group_id_97559544" ON "auth_user_groups" ("group_id");
CREATE UNIQUE INDEX "auth_user_user_permissions_user_id_permission_id_14a6b632_uniq" ON "auth_user_user_permissions" ("user_id", "permission_id");
CREATE INDEX IF NOT EXISTS "auth_user_user_permissions_user_id_a95ead1b" ON "auth_user_user_permissions" ("user_id");
CREATE INDEX IF NOT EXISTS "auth_user_user_permissions_permission_id_1fbb5f2c" ON "auth_user_user_permissions" ("permission_id");
CREATE INDEX IF NOT EXISTS "django_admin_log_content_type_id_c4bce8eb" ON "django_admin_log" ("content_type_id");
CREATE INDEX IF NOT EXISTS "django_admin_log_user_id_c564eba6" ON "django_admin_log" ("user_id");
CREATE UNIQUE INDEX "django_content_type_app_label_model_76bd3d3b_uniq" ON "django_content_type" ("app_label", "model");
CREATE UNIQUE INDEX "auth_permission_content_type_id_codename_01ab375a_uniq" ON "auth_permission" ("content_type_id", "codename");
CREATE INDEX IF NOT EXISTS "auth_permission_content_type_id_2f476e4b" ON "auth_permission" ("content_type_id");
CREATE INDEX IF NOT EXISTS "django_session_expire_date_a5c62663" ON "django_session" ("expire_date");
CREATE INDEX IF NOT EXISTS "stock_purchasehistory_item_id_cf23b926" ON "stock_purchasehistory" ("item_id");
CREATE INDEX IF NOT EXISTS "stock_item_parent_id_2d0db498" ON "stock_item" ("parent_id");
CREATE INDEX IF NOT EXISTS "stock_warehouse_material_id_b77f0fd8" ON "stock_warehouse" ("material_id");
CREATE UNIQUE INDEX "stock_material_role_material_id_role_id_7aaba6fc_uniq" ON "stock_material_role" ("material_id", "role_id");
CREATE INDEX IF NOT EXISTS "stock_material_role_material_id_9dd0cc85" ON "stock_material_role" ("material_id");
CREATE INDEX IF NOT EXISTS "stock_material_role_role_id_ee7e0052" ON "stock_material_role" ("role_id");
CREATE UNIQUE INDEX "stock_shoppinghistory_role_shoppinghistory_id_role_id_ea48a7bb_uniq" ON "stock_shoppinghistory_role" ("shoppinghistory_id", "role_id");
CREATE INDEX IF NOT EXISTS "stock_shoppinghistory_role_shoppinghistory_id_e1839bdd" ON "stock_shoppinghistory_role" ("shoppinghistory_id");
CREATE INDEX IF NOT EXISTS "stock_shoppinghistory_role_role_id_81d25ce9" ON "stock_shoppinghistory_role" ("role_id");
CREATE INDEX IF NOT EXISTS "stock_material_item_id_d564d6b7" ON "stock_material" ("item_id");
CREATE TABLE IF NOT EXISTS "django_content_type" ("id" integer NOT NULL PRIMARY KEY AUTOINCREMENT, "app_label" varchar(100) NOT NULL, "model" varchar(100) NOT NULL);
INSERT INTO "django_content_type" VALUES(1,'stock','shoppinghistory');
INSERT INTO "django_content_type" VALUES(2,'stock','shoppinghistoryproxy');
INSERT INTO "django_content_type" VALUES(3,'admin','logentry');
INSERT INTO "django_content_type" VALUES(4,'auth','permission');
INSERT INTO "django_content_type" VALUES(5,'auth','group');
INSERT INTO "django_content_type" VALUES(6,'auth','user');
INSERT INTO "django_content_type" VALUES(7,'contenttypes','contenttype');
INSERT INTO "django_content_type" VALUES(8,'sessions','session');
INSERT INTO "django_content_type" VALUES(9,'stock','parentcategory');
INSERT INTO "django_content_type" VALUES(10,'stock','item');
INSERT INTO "django_content_type" VALUES(11,'stock','material');
INSERT INTO "django_content_type" VALUES(12,'stock','warehouse');
INSERT INTO "django_content_type" VALUES(13,'stock','purchasehistory');
INSERT INTO "django_content_type" VALUES(14,'stock','weight');
INSERT INTO "django_content_type" VALUES(15,'stock','materialproxy');
INSERT INTO "django_content_type" VALUES(16,'stock','warehousehistory');
INSERT INTO "django_content_type" VALUES(17,'stock','role');
CREATE UNIQUE INDEX "auth_group_permissions_group_id_permission_id_0cd325b0_uniq" ON "auth_group_permissions" ("group_id", "permission_id");
CREATE INDEX IF NOT EXISTS "auth_group_permissions_group_id_b120cbf9" ON "auth_group_permissions" ("group_id");
CREATE INDEX IF NOT EXISTS "auth_group_permissions_permission_id_84c5c92e" ON "auth_group_permissions" ("permission_id");
CREATE UNIQUE INDEX "auth_user_groups_user_id_group_id_94350c0c_uniq" ON "auth_user_groups" ("user_id", "group_id");
CREATE INDEX IF NOT EXISTS "auth_user_groups_user_id_6a12ed8b" ON "auth_user_groups" ("user_id");
CREATE INDEX IF NOT EXISTS "auth_user_groups_group_id_97559544" ON "auth_user_groups" ("group_id");
CREATE UNIQUE INDEX "auth_user_user_permissions_user_id_permission_id_14a6b632_uniq" ON "auth_user_user_permissions" ("user_id", "permission_id");
CREATE INDEX IF NOT EXISTS "auth_user_user_permissions_user_id_a95ead1b" ON "auth_user_user_permissions" ("user_id");
CREATE INDEX IF NOT EXISTS "auth_user_user_permissions_permission_id_1fbb5f2c" ON "auth_user_user_permissions" ("permission_id");
CREATE INDEX IF NOT EXISTS "django_admin_log_content_type_id_c4bce8eb" ON "django_admin_log" ("content_type_id");
CREATE INDEX IF NOT EXISTS "django_admin_log_user_id_c564eba6" ON "django_admin_log" ("user_id");
CREATE UNIQUE INDEX "django_content_type_app_label_model_76bd3d3b_uniq" ON "django_content_type" ("app_label", "model");
CREATE UNIQUE INDEX "auth_permission_content_type_id_codename_01ab375a_uniq" ON "auth_permission" ("content_type_id", "codename");
CREATE INDEX IF NOT EXISTS "auth_permission_content_type_id_2f476e4b" ON "auth_permission" ("content_type_id");
CREATE INDEX IF NOT EXISTS "django_session_expire_date_a5c62663" ON "django_session" ("expire_date");
CREATE INDEX IF NOT EXISTS "stock_purchasehistory_item_id_cf23b926" ON "stock_purchasehistory" ("item_id");
CREATE INDEX IF NOT EXISTS "stock_item_parent_id_2d0db498" ON "stock_item" ("parent_id");
CREATE INDEX IF NOT EXISTS "stock_warehouse_material_id_b77f0fd8" ON "stock_warehouse" ("material_id");
CREATE UNIQUE INDEX "stock_material_role_material_id_role_id_7aaba6fc_uniq" ON "stock_material_role" ("material_id", "role_id");
CREATE INDEX IF NOT EXISTS "stock_material_role_material_id_9dd0cc85" ON "stock_material_role" ("material_id");
CREATE INDEX IF NOT EXISTS "stock_material_role_role_id_ee7e0052" ON "stock_material_role" ("role_id");
CREATE UNIQUE INDEX "stock_shoppinghistory_role_shoppinghistory_id_role_id_ea48a7bb_uniq" ON "stock_shoppinghistory_role" ("shoppinghistory_id", "role_id");
CREATE INDEX IF NOT EXISTS "stock_shoppinghistory_role_shoppinghistory_id_e1839bdd" ON "stock_shoppinghistory_role" ("shoppinghistory_id");
CREATE INDEX IF NOT EXISTS "stock_shoppinghistory_role_role_id_81d25ce9" ON "stock_shoppinghistory_role" ("role_id");
CREATE INDEX IF NOT EXISTS "stock_material_item_id_d564d6b7" ON "stock_material" ("item_id");
CREATE TABLE IF NOT EXISTS "django_migrations" ("id" integer NOT NULL PRIMARY KEY AUTOINCREMENT, "app" varchar(255) NOT NULL, "name" varchar(255) NOT NULL, "applied" datetime NOT NULL);
INSERT INTO "django_migrations" VALUES(1,'contenttypes','0001_initial','2023-03-14 05:40:16.580008');
INSERT INTO "django_migrations" VALUES(2,'auth','0001_initial','2023-03-14 05:40:16.591592');
INSERT INTO "django_migrations" VALUES(3,'admin','0001_initial','2023-03-14 05:40:16.597338');
INSERT INTO "django_migrations" VALUES(4,'admin','0002_logentry_remove_auto_add','2023-03-14 05:40:16.604694');
INSERT INTO "django_migrations" VALUES(5,'admin','0003_logentry_add_action_flag_choices','2023-03-14 05:40:16.609388');
INSERT INTO "django_migrations" VALUES(6,'contenttypes','0002_remove_content_type_name','2023-03-14 05:40:16.626017');
INSERT INTO "django_migrations" VALUES(7,'auth','0002_alter_permission_name_max_length','2023-03-14 05:40:16.632586');
INSERT INTO "django_migrations" VALUES(8,'auth','0003_alter_user_email_max_length','2023-03-14 05:40:16.638507');
INSERT INTO "django_migrations" VALUES(9,'auth','0004_alter_user_username_opts','2023-03-14 05:40:16.642540');
INSERT INTO "django_migrations" VALUES(10,'auth','0005_alter_user_last_login_null','2023-03-14 05:40:16.648110');
INSERT INTO "django_migrations" VALUES(11,'auth','0006_require_contenttypes_0002','2023-03-14 05:40:16.648871');
INSERT INTO "django_migrations" VALUES(12,'auth','0007_alter_validators_add_error_messages','2023-03-14 05:40:16.652797');
INSERT INTO "django_migrations" VALUES(13,'auth','0008_alter_user_username_max_length','2023-03-14 05:40:16.658644');
INSERT INTO "django_migrations" VALUES(14,'auth','0009_alter_user_last_name_max_length','2023-03-14 05:40:16.664729');
INSERT INTO "django_migrations" VALUES(15,'auth','0010_alter_group_name_max_length','2023-03-14 05:40:16.672382');
INSERT INTO "django_migrations" VALUES(16,'auth','0011_update_proxy_permissions','2023-03-14 05:40:16.682352');
INSERT INTO "django_migrations" VALUES(17,'auth','0012_alter_user_first_name_max_length','2023-03-14 05:40:16.688361');
INSERT INTO "django_migrations" VALUES(18,'sessions','0001_initial','2023-03-14 05:40:16.690645');
INSERT INTO "django_migrations" VALUES(19,'stock','0001_initial','2023-03-14 05:41:23.750344');
INSERT INTO "django_migrations" VALUES(20,'stock','0002_rename_category_material_item','2023-03-16 01:54:51.563773');
INSERT INTO "django_migrations" VALUES(21,'stock','0003_material_note','2023-03-16 01:54:51.572834');
INSERT INTO "django_migrations" VALUES(22,'stock','0004_alter_material_value','2023-03-16 01:54:51.584115');
INSERT INTO "django_migrations" VALUES(23,'stock','0005_alter_material_value_alter_shoppinghistory_date','2023-03-17 05:42:28.159024');
INSERT INTO "django_migrations" VALUES(24,'stock','0006_weight_remove_material_item_remove_material_unit_and_more','2023-03-18 03:37:51.901139');
INSERT INTO "django_migrations" VALUES(25,'stock','0007_material_item_material_value_material_weight','2023-03-18 03:37:51.927509');
INSERT INTO "django_migrations" VALUES(26,'stock','0008_remove_shoppinghistory_material_and_more','2023-03-18 05:28:45.359728');
INSERT INTO "django_migrations" VALUES(27,'stock','0009_shoppinghistory_material_unit','2023-03-18 05:28:45.370762');
INSERT INTO "django_migrations" VALUES(28,'stock','0010_alter_shoppinghistory_material_unit','2023-03-18 06:00:12.637244');
INSERT INTO "django_migrations" VALUES(29,'stock','0011_alter_warehouse_num','2023-03-18 06:00:12.649220');
INSERT INTO "django_migrations" VALUES(30,'stock','0012_delete_warehouse','2023-03-18 06:00:12.654174');
INSERT INTO "django_migrations" VALUES(31,'stock','0013_warehouse','2023-03-18 06:00:12.664887');
INSERT INTO "django_migrations" VALUES(32,'stock','0014_shoppinghistory_num_alter_shoppinghistory_value','2023-03-18 06:00:12.677798');
INSERT INTO "django_migrations" VALUES(33,'stock','0015_alter_material_value_alter_shoppinghistory_num_and_more','2023-03-18 06:00:12.706836');
INSERT INTO "django_migrations" VALUES(34,'stock','0016_remove_material_weight_material_unit_delete_weight','2023-03-18 06:50:46.155484');
INSERT INTO "django_migrations" VALUES(35,'stock','0017_alter_material_value_alter_shoppinghistory_num_and_more','2023-03-18 09:06:25.501145');
INSERT INTO "django_migrations" VALUES(36,'stock','0017_shoppinghistory_material_item_name_and_more','2023-03-21 06:35:46.470928');
INSERT INTO "django_migrations" VALUES(37,'stock','0018_merge_20230320_2335','2023-03-21 06:35:46.476021');
INSERT INTO "django_migrations" VALUES(38,'stock','0018_warehousehistory_materialproxy_and_more','2023-03-24 08:49:58.356490');
INSERT INTO "django_migrations" VALUES(39,'stock','0019_merge_20230324_0149','2023-03-24 08:49:58.361195');
INSERT INTO "django_migrations" VALUES(40,'stock','0020_shoppinghistory_created_at_and_more','2023-03-27 05:13:44.046619');
INSERT INTO "django_migrations" VALUES(41,'stock','0021_material_place','2023-03-28 12:16:41.842063');
INSERT INTO "django_migrations" VALUES(42,'stock','0022_shoppinghistory_material_parent_category_name','2023-04-24 02:16:27.390955');
INSERT INTO "django_migrations" VALUES(43,'stock','0023_shoppinghistory_role','2023-04-24 02:26:21.767216');
INSERT INTO "django_migrations" VALUES(44,'stock','0024_material_role_alter_shoppinghistory_role','2023-04-24 04:42:00.888535');
INSERT INTO "django_migrations" VALUES(45,'stock','0025_role_remove_material_role_and_more','2023-04-24 05:01:48.290447');
INSERT INTO "django_migrations" VALUES(46,'stock','0021_material_place_and_more','2023-04-30 01:41:28.539190');
INSERT INTO "django_migrations" VALUES(47,'stock','0022_role_remove_shoppinghistory_role_material_role_and_more','2023-04-30 01:41:59.624999');
INSERT INTO "django_migrations" VALUES(48,'stock','0023_remove_shoppinghistory_role','2023-04-30 01:41:59.628345');
CREATE UNIQUE INDEX "auth_group_permissions_group_id_permission_id_0cd325b0_uniq" ON "auth_group_permissions" ("group_id", "permission_id");
CREATE INDEX IF NOT EXISTS "auth_group_permissions_group_id_b120cbf9" ON "auth_group_permissions" ("group_id");
CREATE INDEX IF NOT EXISTS "auth_group_permissions_permission_id_84c5c92e" ON "auth_group_permissions" ("permission_id");
CREATE UNIQUE INDEX "auth_user_groups_user_id_group_id_94350c0c_uniq" ON "auth_user_groups" ("user_id", "group_id");
CREATE INDEX IF NOT EXISTS "auth_user_groups_user_id_6a12ed8b" ON "auth_user_groups" ("user_id");
CREATE INDEX IF NOT EXISTS "auth_user_groups_group_id_97559544" ON "auth_user_groups" ("group_id");
CREATE UNIQUE INDEX "auth_user_user_permissions_user_id_permission_id_14a6b632_uniq" ON "auth_user_user_permissions" ("user_id", "permission_id");
CREATE INDEX IF NOT EXISTS "auth_user_user_permissions_user_id_a95ead1b" ON "auth_user_user_permissions" ("user_id");
CREATE INDEX IF NOT EXISTS "auth_user_user_permissions_permission_id_1fbb5f2c" ON "auth_user_user_permissions" ("permission_id");
CREATE INDEX IF NOT EXISTS "django_admin_log_content_type_id_c4bce8eb" ON "django_admin_log" ("content_type_id");
CREATE INDEX IF NOT EXISTS "django_admin_log_user_id_c564eba6" ON "django_admin_log" ("user_id");
CREATE UNIQUE INDEX "django_content_type_app_label_model_76bd3d3b_uniq" ON "django_content_type" ("app_label", "model");
CREATE UNIQUE INDEX "auth_permission_content_type_id_codename_01ab375a_uniq" ON "auth_permission" ("content_type_id", "codename");
CREATE INDEX IF NOT EXISTS "auth_permission_content_type_id_2f476e4b" ON "auth_permission" ("content_type_id");
CREATE INDEX IF NOT EXISTS "django_session_expire_date_a5c62663" ON "django_session" ("expire_date");
CREATE INDEX IF NOT EXISTS "stock_purchasehistory_item_id_cf23b926" ON "stock_purchasehistory" ("item_id");
CREATE INDEX IF NOT EXISTS "stock_item_parent_id_2d0db498" ON "stock_item" ("parent_id");
CREATE INDEX IF NOT EXISTS "stock_warehouse_material_id_b77f0fd8" ON "stock_warehouse" ("material_id");
CREATE UNIQUE INDEX "stock_material_role_material_id_role_id_7aaba6fc_uniq" ON "stock_material_role" ("material_id", "role_id");
CREATE INDEX IF NOT EXISTS "stock_material_role_material_id_9dd0cc85" ON "stock_material_role" ("material_id");
CREATE INDEX IF NOT EXISTS "stock_material_role_role_id_ee7e0052" ON "stock_material_role" ("role_id");
CREATE UNIQUE INDEX "stock_shoppinghistory_role_shoppinghistory_id_role_id_ea48a7bb_uniq" ON "stock_shoppinghistory_role" ("shoppinghistory_id", "role_id");
CREATE INDEX IF NOT EXISTS "stock_shoppinghistory_role_shoppinghistory_id_e1839bdd" ON "stock_shoppinghistory_role" ("shoppinghistory_id");
CREATE INDEX IF NOT EXISTS "stock_shoppinghistory_role_role_id_81d25ce9" ON "stock_shoppinghistory_role" ("role_id");
CREATE INDEX IF NOT EXISTS "stock_material_item_id_d564d6b7" ON "stock_material" ("item_id");
CREATE TABLE IF NOT EXISTS "django_session" ("session_key" varchar(40) NOT NULL PRIMARY KEY, "session_data" text NOT NULL, "expire_date" datetime NOT NULL);
INSERT INTO "django_session" VALUES('udmoiew81iqktohvvvuqiq2vlfcj2y5n','.eJxVjEEOwiAQRe_C2pApFBxduvcMZBgGqRpISrsy3l2bdKHb_977LxVoXUpYu8xhSuqsBnX43SLxQ-oG0p3qrWludZmnqDdF77Tra0vyvOzu30GhXr41oUFARuDoxVjIxowCYCw5hBGOySZiYc7onAXMlq2XRHnwjgBOTr0_0FU3hg:1pbxQe:lJmgzAVbxtBpHYEnSkCZvk6ykly3DgSigIWd0uusdFo','2023-03-28 05:42:32.325346');
INSERT INTO "django_session" VALUES('q0buw3rs95l1jza1g6hjfdpd2i5j9o29','.eJxVjEEOwiAQRe_C2hCglKEu3fcMZBimUjWQlHZlvLsh6UK3_7333yLgsedwNN7CmsRVGHH53SLSk0sH6YHlXiXVsm9rlF2RJ21yrolft9P9O8jYcq_ZEltv0EEChkm7geMIfmJ0ERYmiAa8GvRiyLOOGjRZSMo49orcKD5f89k35w:1pcMoM:RgF5JanxQuzq5--O-GnDmdpPjwfLYjibH2k_dKbQ6qk','2023-03-29 08:48:42.010416');
INSERT INTO "django_session" VALUES('bmsn0gpxfej6pfgqnfuggfbbr90tlb98','.eJxVjEEOwiAQRe_C2hCglKEu3fcMZBimUjWQlHZlvLsh6UK3_7333yLgsedwNN7CmsRVGHH53SLSk0sH6YHlXiXVsm9rlF2RJ21yrolft9P9O8jYcq_ZEltv0EEChkm7geMIfmJ0ERYmiAa8GvRiyLOOGjRZSMo49orcKD5f89k35w:1pcMp7:Dqmt4DUmRTPC8nmT-ndMUBIkIONlrpaCT87ugMN-Y0c','2023-03-29 08:49:29.076342');
INSERT INTO "django_session" VALUES('01jfc8v7u89ctt5hf192zffhidfbwre1','.eJxVjEEOwiAQRe_C2hCglKEu3fcMZBimUjWQlHZlvLsh6UK3_7333yLgsedwNN7CmsRVGHH53SLSk0sH6YHlXiXVsm9rlF2RJ21yrolft9P9O8jYcq_ZEltv0EEChkm7geMIfmJ0ERYmiAa8GvRiyLOOGjRZSMo49orcKD5f89k35w:1pcMwe:lKqFFML-9FelRrOpDaVdYfIyJqfOjmP5e4Lh1f_T1f0','2023-03-29 08:57:16.782045');
INSERT INTO "django_session" VALUES('5eo2sim9gjet60a76gsdduceoeqsgdlh','.eJxVjEEOwiAQRe_C2hCglKEu3fcMZBimUjWQlHZlvLsh6UK3_7333yLgsedwNN7CmsRVGHH53SLSk0sH6YHlXiXVsm9rlF2RJ21yrolft9P9O8jYcq_ZEltv0EEChkm7geMIfmJ0ERYmiAa8GvRiyLOOGjRZSMo49orcKD5f89k35w:1pcMwf:kGLm7qxhK27icRb2sYwhSqdnD2hfMNYVvjf8Z8CANOY','2023-03-29 08:57:17.118977');
INSERT INTO "django_session" VALUES('lupq2v3jvdxhifaqsssxnmlk1s95v3r9','.eJxVjEEOwiAQRe_C2hCglKEu3fcMZBimUjWQlHZlvLsh6UK3_7333yLgsedwNN7CmsRVGHH53SLSk0sH6YHlXiXVsm9rlF2RJ21yrolft9P9O8jYcq_ZEltv0EEChkm7geMIfmJ0ERYmiAa8GvRiyLOOGjRZSMo49orcKD5f89k35w:1pd1jE:5rY58KOh3K_BPmi5GxyetX2otR8hgozr0bpkO3w0GPw','2023-03-31 04:30:08.327474');
INSERT INTO "django_session" VALUES('sfuwdgzifw73mtq7v74i1rjdtac1dkeb','.eJxVjEEOwiAQRe_C2hAsMAWX7j0DGZhBqgaS0q6Md7dNutDte-__twi4LiWsnecwkbgILU6_LGJ6ct0FPbDem0ytLvMU5Z7Iw3Z5a8Sv69H-HRTsZVt7E72NDimz4rOGARyqwRtCk73KCnlEZBMZNqY0WB8hOVDGkCXwo_h8Ae9NN-Q:1pdLMH:3ZFJaKH0YpNBKNnbha5qpc6c1IaZkii4W1lbfrxoqI4','2023-04-01 01:27:45.455520');
INSERT INTO "django_session" VALUES('ywv5b6jwu2crw6nc24nalwwnr6wcxyz4','.eJxVjEEOwiAQRe_C2hAsMAWX7j0DGZhBqgaS0q6Md7dNutDte-__twi4LiWsnecwkbgILU6_LGJ6ct0FPbDem0ytLvMU5Z7Iw3Z5a8Sv69H-HRTsZVt7E72NDimz4rOGARyqwRtCk73KCnlEZBMZNqY0WB8hOVDGkCXwo_h8Ae9NN-Q:1pdyA4:uc_gt-npldVsK18QqlC9eV-uEZ6xvlimeLkYpq04C6c','2023-04-02 18:53:44.322586');
INSERT INTO "django_session" VALUES('kans3m0ebcl9o6xvlx6bjs6zdriik2pl','.eJxVjEEOwiAQRe_C2hAsMAWX7j0DGZhBqgaS0q6Md7dNutDte-__twi4LiWsnecwkbgILU6_LGJ6ct0FPbDem0ytLvMU5Z7Iw3Z5a8Sv69H-HRTsZVt7E72NDimz4rOGARyqwRtCk73KCnlEZBMZNqY0WB8hOVDGkCXwo_h8Ae9NN-Q:1pdyGp:_ATiK1q3bpgOBn1_l2A9oS0sMHpNKTqf6gInm4p8nZ8','2023-04-02 19:00:43.593501');
INSERT INTO "django_session" VALUES('w1jpj2tebnxlenmys5603kut4l8zwaez','.eJxVjDsOwjAQBe_iGlnreP0JJX3OYHmzCw4gW8qnQtwdIqWA9s3Me6mUt7WkbZE5TazOCtXpd6M8PqTugO-53poeW13nifSu6IMuemgsz8vh_h2UvJRvDWNg8Z4dCcS-B2RvLEYb2XahIwdCBNgZijk4uaL13vcIJjsE5yyo9wfImzZ7:1pfZMN:UBEEQh-7oW4nDOV1rxbHHAoi0-ys0u3kRNSc9sFsfF8','2023-04-07 04:49:03.350465');
INSERT INTO "django_session" VALUES('npxt9cqopdt7wa77yaq3gxv8p68jf7dn','.eJxVjMsOwiAQRf-FtSGUMjxcuvcbyAxDpWogKe3K-O_apAvd3nPOfYmI21ri1vMSZxZn4cTpdyNMj1x3wHestyZTq-syk9wVedAur43z83K4fwcFe_nWKRsEZCAOmhCUHwbDE4wpoWKP4FAbtGAgWZuVYsxh1GHy5EjxGIJ4fwAF1Dhb:1pgH4v:XzBVeJOr5f_NMk1fVwQ39xPPvT5WN5pJ1pvV6dKUDsc','2023-04-09 03:29:57.722312');
INSERT INTO "django_session" VALUES('0bo08bf6l177k08klo4iricgquqocs4y','.eJxVjMsOwiAQRf-FtSGUMjxcuvcbyAxDpWogKe3K-O_apAvd3nPOfYmI21ri1vMSZxZn4cTpdyNMj1x3wHestyZTq-syk9wVedAur43z83K4fwcFe_nWKRsEZCAOmhCUHwbDE4wpoWKP4FAbtGAgWZuVYsxh1GHy5EjxGIJ4fwAF1Dhb:1pgKjT:ARzk7S0L1PtdnjLH-e5XRPOiqBMrAqiMPxm7QUJs_9U','2023-04-09 07:24:03.238118');
INSERT INTO "django_session" VALUES('gstql94zz1tmdvq8ywu8qfkz6wbcz5wh','.eJxVjMsOwiAQRf-FtSGUMjxcuvcbyAxDpWogKe3K-O_apAvd3nPOfYmI21ri1vMSZxZn4cTpdyNMj1x3wHestyZTq-syk9wVedAur43z83K4fwcFe_nWKRsEZCAOmhCUHwbDE4wpoWKP4FAbtGAgWZuVYsxh1GHy5EjxGIJ4fwAF1Dhb:1pgKlE:j1NXw29McswP_n3x2WA7TNgdTOmn58gyDmmJQB8FoBo','2023-04-09 07:25:52.624751');
INSERT INTO "django_session" VALUES('z1qhnlfta9u0u6jrtb9skghsxew3bafj','.eJxVjMsOwiAQRf-FtSGUMjxcuvcbyAxDpWogKe3K-O_apAvd3nPOfYmI21ri1vMSZxZn4cTpdyNMj1x3wHestyZTq-syk9wVedAur43z83K4fwcFe_nWKRsEZCAOmhCUHwbDE4wpoWKP4FAbtGAgWZuVYsxh1GHy5EjxGIJ4fwAF1Dhb:1pgQ5H:iokQZDUGCLh8W13OD6Qp23JC-PancdmK0i5iEEpv45U','2023-04-09 13:06:55.490994');
INSERT INTO "django_session" VALUES('oi607j74bpe3vgartrs33cl98kp7kj1q','.eJxVjEEOwiAQRe_C2pABigWX7nsGMgyDVA0kpV0Z765NutDtf-_9lwi4rSVsnZcwJ3ERTpx-t4j04LqDdMd6a5JaXZc5yl2RB-1yaomf18P9OyjYy7eG0ZJhFxlA-TxkQOackQyZGDENirQBTJrJOuPPaeBoFLMDBDtm7cX7AxJION8:1pgbDX:XTzwwNI6tnarKPAv6_hq5TSyPIPvpGXFV-x8awyzWkQ','2023-04-10 01:00:11.683455');
INSERT INTO "django_session" VALUES('kr8y30cub6y6xthboikfh4hoheaji4k8','.eJxVjEEOwiAQRe_C2pABigWX7nsGMgyDVA0kpV0Z765NutDtf-_9lwi4rSVsnZcwJ3ERTpx-t4j04LqDdMd6a5JaXZc5yl2RB-1yaomf18P9OyjYy7eG0ZJhFxlA-TxkQOackQyZGDENirQBTJrJOuPPaeBoFLMDBDtm7cX7AxJION8:1pgdPI:HL2LbFyKYYGjd_9im_SvDVHDVsD233zudCNP6RrzcvA','2023-04-10 03:20:28.317236');
INSERT INTO "django_session" VALUES('22njvgg0pbiuou9qm48q8btxzwaqgbqj','.eJxVjMsOwiAQRf-FtSGUMjxcuvcbyAxDpWogKe3K-O_apAvd3nPOfYmI21ri1vMSZxZn4cTpdyNMj1x3wHestyZTq-syk9wVedAur43z83K4fwcFe_nWKRsEZCAOmhCUHwbDE4wpoWKP4FAbtGAgWZuVYsxh1GHy5EjxGIJ4fwAF1Dhb:1pgsRJ:XPT4tmGT6hiOa4bHFU-xaawBmGaHfwyXBYPYkRxa_KM','2023-04-10 19:23:33.903416');
INSERT INTO "django_session" VALUES('15d36iyko8wif3vwzhgagx0h4geuhyvm','.eJxVjMsOwiAQRf-FtSGUMjxcuvcbyAxDpWogKe3K-O_apAvd3nPOfYmI21ri1vMSZxZn4cTpdyNMj1x3wHestyZTq-syk9wVedAur43z83K4fwcFe_nWKRsEZCAOmhCUHwbDE4wpoWKP4FAbtGAgWZuVYsxh1GHy5EjxGIJ4fwAF1Dhb:1pgzG2:TFPQ4lJuO7e4jRNrn8XKIMKGRICMCqOgqWmcqil9YCU','2023-04-11 02:40:22.626416');
INSERT INTO "django_session" VALUES('p8f0vz579ja65r4u946ml8323dpxwmsn','.eJxVjMsOwiAQRf-FtSGUMjxcuvcbyAxDpWogKe3K-O_apAvd3nPOfYmI21ri1vMSZxZn4cTpdyNMj1x3wHestyZTq-syk9wVedAur43z83K4fwcFe_nWKRsEZCAOmhCUHwbDE4wpoWKP4FAbtGAgWZuVYsxh1GHy5EjxGIJ4fwAF1Dhb:1ph8GZ:iQLGOHE4JfU8LZlReodKSp8XS2C9p874yGzVUstCpyA','2023-04-11 12:17:31.352685');
INSERT INTO "django_session" VALUES('j428fp0avgir2tq8nisw8qdut8ha1r6l','.eJxVjDsOwjAQBe_iGlmOf9iU9DmDtevN4gCypTipEHeHSCmgfTPzXiLBtpa09WlJM4mLGLQ4_Y4I-THVndAd6q3J3Oq6zCh3RR60y7HR9Lwe7t9BgV6-dWaOQKCjJx8MWpMzK-UBFTMxDNpaF5zDwGhdPBMqbRxyDHFwkZQW7w8vpzhs:1pqkwK:7smP2V8FlhMKM--oy__Evy6u_e1EvsfSHcvC_YoVnp8','2023-05-08 01:24:24.359438');
INSERT INTO "django_session" VALUES('o1tkdgdaibx6ojtomcxssx2i1svtct2p','.eJxVjDsOwjAQBe_iGlmOf9iU9DmDtevN4gCypTipEHeHSCmgfTPzXiLBtpa09WlJM4mLGLQ4_Y4I-THVndAd6q3J3Oq6zCh3RR60y7HR9Lwe7t9BgV6-dWaOQKCjJx8MWpMzK-UBFTMxDNpaF5zDwGhdPBMqbRxyDHFwkZQW7w8vpzhs:1pqmMD:E4i86STV-djxPtnbcusmA1V6_lnnOk76lou33HwgFBQ','2023-05-08 02:55:13.845083');
INSERT INTO "django_session" VALUES('jhgd02tu3h66dtuk9vp1bwx7mhjb0p0o','.eJxVjDsOwjAQBe_iGlls1vbalPQ5g7X-kQCypTipEHeHSCmgfTPzXsLztk5-63nxcxIXAShOv2Pg-Mh1J-nO9dZkbHVd5iB3RR60y7Gl_Lwe7t_BxH361gaQeDDaOkdZK4wRNRt2SBbUEFV2KRGUgdA4CnguFLGARk1gwWES7w_Uszaj:1pqnJz:r-dxc1Lc96Ld6B8HE14ean2P4HhWabcwujSQf4I9RJs','2023-05-08 03:56:59.609571');
INSERT INTO "django_session" VALUES('nkqtqulv5b0sczhwfuwk0zqtlvwy24kp','.eJxVjDsOwjAQBe_iGlls1vbalPQ5g7X-kQCypTipEHeHSCmgfTPzXsLztk5-63nxcxIXAShOv2Pg-Mh1J-nO9dZkbHVd5iB3RR60y7Gl_Lwe7t_BxH361gaQeDDaOkdZK4wRNRt2SBbUEFV2KRGUgdA4CnguFLGARk1gwWES7w_Uszaj:1pqnMG:5mNODQH1qm00FFHKghb-jNOZ9-4pjgz9nSXzLCF6VMU','2023-05-08 03:59:20.012009');
INSERT INTO "django_session" VALUES('78qrcuar2jxe29xdg0z8qbezy9fbtgws','.eJxVjDsOwjAQBe_iGlkbfzElPWeI1t41DiBbipMKcXdkKQW0b2beW8y4b2XeO6_zQuIiJhCn3zFienIdhB5Y702mVrd1iXIo8qBd3hrx63q4fwcFexk1WIgmqOyyJhP02U8UbGJnAhEbjIkTgPU25siobAJHgJ5DQJ2NVuLzBRJxOJM:1pr1jp:XFoixmiHdtnk64iU8NMIL6r8xCNFnOuRcQ9Z0A3kp9Q','2023-05-08 19:20:37.385055');
INSERT INTO "django_session" VALUES('0a33f34nla29w2otjbguyb2zfpmvwz7m','.eJxVjM0OwiAQhN-FsyFLqbB49O4zkF1-pGogKe3J-O62SQ96mmS-b-YtPK1L8WtPs5-iuAgnTr8dU3imuoP4oHpvMrS6zBPLXZEH7fLWYnpdD_fvoFAv25qj0gCsaUjkDChDgRFUtjawGw2DHQMODJhIJaUZz0hmS4UZo84kPl_k_Dfr:1prHRy:gMI45b_0uXAUzC5b1W944vB52FozaabbflIOLPz0nY8','2023-05-09 12:07:14.183301');
INSERT INTO "django_session" VALUES('5z988sqnw851o9sdj0y3u8v1x9guahwf','.eJxVjDsOwjAQBe_iGlkbfzElPWeI1t41DiBbipMKcXdkKQW0b2beW8y4b2XeO6_zQuIiJhCn3zFienIdhB5Y702mVrd1iXIo8qBd3hrx63q4fwcFexk1WIgmqOyyJhP02U8UbGJnAhEbjIkTgPU25siobAJHgJ5DQJ2NVuLzBRJxOJM:1prPzI:bV8MW98jU9YKxIeEKh_4abdApzGM6QgshIq05FzQULE','2023-05-09 21:14:12.220775');
INSERT INTO "django_session" VALUES('4bz7dj343q80yf0zfcxs92otrqreceuh','.eJxVjDsOwjAQBe_iGlls1vbalPQ5g7X-kQCypTipEHeHSCmgfTPzXsLztk5-63nxcxIXAShOv2Pg-Mh1J-nO9dZkbHVd5iB3RR60y7Gl_Lwe7t_BxH361gaQeDDaOkdZK4wRNRt2SBbUEFV2KRGUgdA4CnguFLGARk1gwWES7w_Uszaj:1prQPi:4R33AgkJqLlpN29d78J0YS7pE9v6aAb7W17dTVX8M4o','2023-05-09 21:41:30.801088');
INSERT INTO "django_session" VALUES('fjh7z8dw3wbfujxf1o7d7s196igjqkx5','.eJxVjDsOwjAQBe_iGlls1vbalPQ5g7X-kQCypTipEHeHSCmgfTPzXsLztk5-63nxcxIXAShOv2Pg-Mh1J-nO9dZkbHVd5iB3RR60y7Gl_Lwe7t_BxH361gaQeDDaOkdZK4wRNRt2SBbUEFV2KRGUgdA4CnguFLGARk1gwWES7w_Uszaj:1prQRn:b3RnSp2flFRI0Hctg6kyTIFcelDikP9AvIXrbm_GMSI','2023-05-09 21:43:39.830659');
INSERT INTO "django_session" VALUES('1a92di4xb22qw0dkyhtdlja283unevi4','.eJxVjDsOwjAQBe_iGlkbfzElPWeI1t41DiBbipMKcXdkKQW0b2beW8y4b2XeO6_zQuIiJhCn3zFienIdhB5Y702mVrd1iXIo8qBd3hrx63q4fwcFexk1WIgmqOyyJhP02U8UbGJnAhEbjIkTgPU25siobAJHgJ5DQJ2NVuLzBRJxOJM:1prSeM:5NBM7fSShiK0aMyB4FHQt11Fcz5BDKbphWita1lcKIA','2023-05-10 00:04:46.825808');
INSERT INTO "django_session" VALUES('estmj1sa9mpdwqdvauap63ddbkogb6dt','.eJxVjDsOwjAQBe_iGlls1vbalPQ5g7X-kQCypTipEHeHSCmgfTPzXsLztk5-63nxcxIXAShOv2Pg-Mh1J-nO9dZkbHVd5iB3RR60y7Gl_Lwe7t_BxH361gaQeDDaOkdZK4wRNRt2SBbUEFV2KRGUgdA4CnguFLGARk1gwWES7w_Uszaj:1prW7B:TxVC2blxVp_X9Mc2rf4vEMU5CoE6qSSXqJIoJhta7HM','2023-05-10 03:46:45.124205');
INSERT INTO "django_session" VALUES('221j2n6v1suvh0vjanehtxgt9j0k4shk','.eJxVjDsOwjAQBe_iGlmxE2ezlPScwdqfSQAlUj4V4u4QKQW0b2bey2Xa1j5vi815UHd2IbnT78gkDxt3oncab5OXaVzngf2u-IMu_jqpPS-H-3fQ09J_a6jMlBsCMi7QcTCMwoYVNF1IwjFVjRKCpDpSq9gWhSIodUSBgOzeHzEuONc:1prWoj:viIRwKZ8g_QSrsKO7YmOFFihlPLWaM2Iw4qyc1qtgFU','2023-05-10 04:31:45.975725');
INSERT INTO "django_session" VALUES('aiuq5lnyby7fbi0wrn1vfjot231u2bas','.eJxVjDsOwjAQBe_iGlmxE2ezlPScwdqfSQAlUj4V4u4QKQW0b2bey2Xa1j5vi815UHd2IbnT78gkDxt3oncab5OXaVzngf2u-IMu_jqpPS-H-3fQ09J_a6jMlBsCMi7QcTCMwoYVNF1IwjFVjRKCpDpSq9gWhSIodUSBgOzeHzEuONc:1prWtW:SodQ0f422_ZYpp17T56M5BCfufykpvS2EWN6KrNZLQY','2023-05-10 04:36:42.870750');
INSERT INTO "django_session" VALUES('6x5c7jxx5o97ocwp3bu5hrvns6p1cg1v','.eJxVjDsOwjAQBe_iGlmxE2ezlPScwdqfSQAlUj4V4u4QKQW0b2bey2Xa1j5vi815UHd2IbnT78gkDxt3oncab5OXaVzngf2u-IMu_jqpPS-H-3fQ09J_a6jMlBsCMi7QcTCMwoYVNF1IwjFVjRKCpDpSq9gWhSIodUSBgOzeHzEuONc:1prWuV:pjtkjBfTz3qFNa3qhZSOOyfjq0kx4k11i39-GLhPSp8','2023-05-10 04:37:43.192670');
INSERT INTO "django_session" VALUES('vss7e66l774dfg6go7ozj5g6deucfk79','.eJxVjDsOwjAQBe_iGlmxE2ezlPScwdqfSQAlUj4V4u4QKQW0b2bey2Xa1j5vi815UHd2IbnT78gkDxt3oncab5OXaVzngf2u-IMu_jqpPS-H-3fQ09J_a6jMlBsCMi7QcTCMwoYVNF1IwjFVjRKCpDpSq9gWhSIodUSBgOzeHzEuONc:1prX91:xi3-Ue1S04S0vdOWMt9QL2thIEr6fMG3HqUBhpXKe-w','2023-05-10 04:52:43.104751');
INSERT INTO "django_session" VALUES('5a4b7yb9vzapqqrbunpj7szo1f8fydlg','.eJxVjDsOwjAQBe_iGlmxE2ezlPScwdqfSQAlUj4V4u4QKQW0b2bey2Xa1j5vi815UHd2IbnT78gkDxt3oncab5OXaVzngf2u-IMu_jqpPS-H-3fQ09J_a6jMlBsCMi7QcTCMwoYVNF1IwjFVjRKCpDpSq9gWhSIodUSBgOzeHzEuONc:1prXYa:B72JuG9HQR789Afvjs50c2shg3o_XzpdxTRgRw9q6Jw','2023-05-10 05:19:08.041814');
INSERT INTO "django_session" VALUES('g3t55t471fyeysig1rdzykhexnly3d11','.eJxVjDsOwjAQBe_iGlmxE2ezlPScwdqfSQAlUj4V4u4QKQW0b2bey2Xa1j5vi815UHd2IbnT78gkDxt3oncab5OXaVzngf2u-IMu_jqpPS-H-3fQ09J_a6jMlBsCMi7QcTCMwoYVNF1IwjFVjRKCpDpSq9gWhSIodUSBgOzeHzEuONc:1prtPy:_REgltPRCYyJh4gtrvY2v0RiKX52BpKprWGvnpczK2Y','2023-05-11 04:39:42.573240');
INSERT INTO "django_session" VALUES('bcha0iyepne7d40x0922qjos2w6mj21o','.eJxVjDsOwjAQBe_iGlmxE2ezlPScwdqfSQAlUj4V4u4QKQW0b2bey2Xa1j5vi815UHd2IbnT78gkDxt3oncab5OXaVzngf2u-IMu_jqpPS-H-3fQ09J_a6jMlBsCMi7QcTCMwoYVNF1IwjFVjRKCpDpSq9gWhSIodUSBgOzeHzEuONc:1pruCZ:tjtONi33Ci1xaFWhwXQoJjyBkW_T74A4Bhq0KPSHT9I','2023-05-11 05:29:55.766160');
INSERT INTO "django_session" VALUES('20tt6spy0i6hazrzz5iz6e64zbi7fjba','.eJxVjDsOwjAQBe_iGlkbfzElPWeI1t41DiBbipMKcXdkKQW0b2beW8y4b2XeO6_zQuIiJhCn3zFienIdhB5Y702mVrd1iXIo8qBd3hrx63q4fwcFexk1WIgmqOyyJhP02U8UbGJnAhEbjIkTgPU25siobAJHgJ5DQJ2NVuLzBRJxOJM:1pruTP:joVS4L01pOX_gTI3V1uCPMQgxQ8vxkS8wgo6ip2RkiU','2023-05-11 05:47:19.364897');
INSERT INTO "django_session" VALUES('xzbh4d35olanfxon87p0zzbj9o69rp1z','.eJxVjDsOwjAQBe_iGlkbfzElPWeI1t41DiBbipMKcXdkKQW0b2beW8y4b2XeO6_zQuIiJhCn3zFienIdhB5Y702mVrd1iXIo8qBd3hrx63q4fwcFexk1WIgmqOyyJhP02U8UbGJnAhEbjIkTgPU25siobAJHgJ5DQJ2NVuLzBRJxOJM:1psVAw:K8wMffkgz26MegVaJ8UMwcuzqt4_YT_MQh6RyZCTSVk','2023-05-12 20:58:42.622376');
CREATE UNIQUE INDEX "auth_group_permissions_group_id_permission_id_0cd325b0_uniq" ON "auth_group_permissions" ("group_id", "permission_id");
CREATE INDEX IF NOT EXISTS "auth_group_permissions_group_id_b120cbf9" ON "auth_group_permissions" ("group_id");
CREATE INDEX IF NOT EXISTS "auth_group_permissions_permission_id_84c5c92e" ON "auth_group_permissions" ("permission_id");
CREATE UNIQUE INDEX "auth_user_groups_user_id_group_id_94350c0c_uniq" ON "auth_user_groups" ("user_id", "group_id");
CREATE INDEX IF NOT EXISTS "auth_user_groups_user_id_6a12ed8b" ON "auth_user_groups" ("user_id");
CREATE INDEX IF NOT EXISTS "auth_user_groups_group_id_97559544" ON "auth_user_groups" ("group_id");
CREATE UNIQUE INDEX "auth_user_user_permissions_user_id_permission_id_14a6b632_uniq" ON "auth_user_user_permissions" ("user_id", "permission_id");
CREATE INDEX IF NOT EXISTS "auth_user_user_permissions_user_id_a95ead1b" ON "auth_user_user_permissions" ("user_id");
CREATE INDEX IF NOT EXISTS "auth_user_user_permissions_permission_id_1fbb5f2c" ON "auth_user_user_permissions" ("permission_id");
CREATE INDEX IF NOT EXISTS "django_admin_log_content_type_id_c4bce8eb" ON "django_admin_log" ("content_type_id");
CREATE INDEX IF NOT EXISTS "django_admin_log_user_id_c564eba6" ON "django_admin_log" ("user_id");
CREATE UNIQUE INDEX "django_content_type_app_label_model_76bd3d3b_uniq" ON "django_content_type" ("app_label", "model");
CREATE UNIQUE INDEX "auth_permission_content_type_id_codename_01ab375a_uniq" ON "auth_permission" ("content_type_id", "codename");
CREATE INDEX IF NOT EXISTS "auth_permission_content_type_id_2f476e4b" ON "auth_permission" ("content_type_id");
CREATE INDEX IF NOT EXISTS "django_session_expire_date_a5c62663" ON "django_session" ("expire_date");
CREATE INDEX IF NOT EXISTS "stock_purchasehistory_item_id_cf23b926" ON "stock_purchasehistory" ("item_id");
CREATE INDEX IF NOT EXISTS "stock_item_parent_id_2d0db498" ON "stock_item" ("parent_id");
CREATE INDEX IF NOT EXISTS "stock_warehouse_material_id_b77f0fd8" ON "stock_warehouse" ("material_id");
CREATE UNIQUE INDEX "stock_material_role_material_id_role_id_7aaba6fc_uniq" ON "stock_material_role" ("material_id", "role_id");
CREATE INDEX IF NOT EXISTS "stock_material_role_material_id_9dd0cc85" ON "stock_material_role" ("material_id");
CREATE INDEX IF NOT EXISTS "stock_material_role_role_id_ee7e0052" ON "stock_material_role" ("role_id");
CREATE UNIQUE INDEX "stock_shoppinghistory_role_shoppinghistory_id_role_id_ea48a7bb_uniq" ON "stock_shoppinghistory_role" ("shoppinghistory_id", "role_id");
CREATE INDEX IF NOT EXISTS "stock_shoppinghistory_role_shoppinghistory_id_e1839bdd" ON "stock_shoppinghistory_role" ("shoppinghistory_id");
CREATE INDEX IF NOT EXISTS "stock_shoppinghistory_role_role_id_81d25ce9" ON "stock_shoppinghistory_role" ("role_id");
CREATE INDEX IF NOT EXISTS "stock_material_item_id_d564d6b7" ON "stock_material" ("item_id");
CREATE TABLE IF NOT EXISTS "stock_item" ("id" integer NOT NULL PRIMARY KEY AUTOINCREMENT, "name" varchar(255) NOT NULL, "parent_id" bigint NOT NULL REFERENCES "stock_parentcategory" ("id") DEFERRABLE INITIALLY DEFERRED);
INSERT INTO "stock_item" VALUES(1,'Tuna',1);
INSERT INTO "stock_item" VALUES(2,'Salmon',1);
INSERT INTO "stock_item" VALUES(3,'KOYA',1);
INSERT INTO "stock_item" VALUES(4,'Veggie',1);
INSERT INTO "stock_item" VALUES(5,'DU/Other',1);
INSERT INTO "stock_item" VALUES(6,'Sushi Sause',1);
INSERT INTO "stock_item" VALUES(7,'Veggie',2);
INSERT INTO "stock_item" VALUES(8,'Kojiya',2);
INSERT INTO "stock_item" VALUES(9,'Factory',2);
INSERT INTO "stock_item" VALUES(10,'Meat',2);
INSERT INTO "stock_item" VALUES(11,'Sauce/Soup',2);
INSERT INTO "stock_item" VALUES(12,'Family Pack',2);
INSERT INTO "stock_item" VALUES(13,'Noodle',2);
INSERT INTO "stock_item" VALUES(14,'Tea',2);
INSERT INTO "stock_item" VALUES(15,'Other',2);
INSERT INTO "stock_item" VALUES(16,'F. Sushi',3);
INSERT INTO "stock_item" VALUES(17,'F. Kitchen',3);
INSERT INTO "stock_item" VALUES(18,'Noodle',4);
INSERT INTO "stock_item" VALUES(19,'Nori/ Other',4);
INSERT INTO "stock_item" VALUES(20,'Flour/ Other',4);
INSERT INTO "stock_item" VALUES(21,'Tofu/ Other',4);
INSERT INTO "stock_item" VALUES(22,'Dry Seasoning',4);
INSERT INTO "stock_item" VALUES(23,'Soy Sause',4);
INSERT INTO "stock_item" VALUES(25,'Other',4);
INSERT INTO "stock_item" VALUES(26,'POP',5);
INSERT INTO "stock_item" VALUES(27,'Alcohol',5);
INSERT INTO "stock_item" VALUES(28,'Sushi (Body)',6);
INSERT INTO "stock_item" VALUES(29,'Cup (Body)',6);
INSERT INTO "stock_item" VALUES(30,'Sushi (Big)',6);
INSERT INTO "stock_item" VALUES(31,'Other',6);
INSERT INTO "stock_item" VALUES(32,'Cup (Lid)',6);
INSERT INTO "stock_item" VALUES(33,'Sushi (Big)',6);
INSERT INTO "stock_item" VALUES(34,'Other',6);
INSERT INTO "stock_item" VALUES(35,'TO GO',7);
INSERT INTO "stock_item" VALUES(36,'Daily',7);
INSERT INTO "stock_item" VALUES(37,'Cleaning',7);
INSERT INTO "stock_item" VALUES(38,'Bag',7);
INSERT INTO "stock_item" VALUES(39,'Office',7);
INSERT INTO "stock_item" VALUES(40,'Other',7);
CREATE UNIQUE INDEX "auth_group_permissions_group_id_permission_id_0cd325b0_uniq" ON "auth_group_permissions" ("group_id", "permission_id");
CREATE INDEX IF NOT EXISTS "auth_group_permissions_group_id_b120cbf9" ON "auth_group_permissions" ("group_id");
CREATE INDEX IF NOT EXISTS "auth_group_permissions_permission_id_84c5c92e" ON "auth_group_permissions" ("permission_id");
CREATE UNIQUE INDEX "auth_user_groups_user_id_group_id_94350c0c_uniq" ON "auth_user_groups" ("user_id", "group_id");
CREATE INDEX IF NOT EXISTS "auth_user_groups_user_id_6a12ed8b" ON "auth_user_groups" ("user_id");
CREATE INDEX IF NOT EXISTS "auth_user_groups_group_id_97559544" ON "auth_user_groups" ("group_id");
CREATE UNIQUE INDEX "auth_user_user_permissions_user_id_permission_id_14a6b632_uniq" ON "auth_user_user_permissions" ("user_id", "permission_id");
CREATE INDEX IF NOT EXISTS "auth_user_user_permissions_user_id_a95ead1b" ON "auth_user_user_permissions" ("user_id");
CREATE INDEX IF NOT EXISTS "auth_user_user_permissions_permission_id_1fbb5f2c" ON "auth_user_user_permissions" ("permission_id");
CREATE INDEX IF NOT EXISTS "django_admin_log_content_type_id_c4bce8eb" ON "django_admin_log" ("content_type_id");
CREATE INDEX IF NOT EXISTS "django_admin_log_user_id_c564eba6" ON "django_admin_log" ("user_id");
CREATE UNIQUE INDEX "django_content_type_app_label_model_76bd3d3b_uniq" ON "django_content_type" ("app_label", "model");
CREATE UNIQUE INDEX "auth_permission_content_type_id_codename_01ab375a_uniq" ON "auth_permission" ("content_type_id", "codename");
CREATE INDEX IF NOT EXISTS "auth_permission_content_type_id_2f476e4b" ON "auth_permission" ("content_type_id");
CREATE INDEX IF NOT EXISTS "django_session_expire_date_a5c62663" ON "django_session" ("expire_date");
CREATE INDEX IF NOT EXISTS "stock_purchasehistory_item_id_cf23b926" ON "stock_purchasehistory" ("item_id");
CREATE INDEX IF NOT EXISTS "stock_item_parent_id_2d0db498" ON "stock_item" ("parent_id");
CREATE INDEX IF NOT EXISTS "stock_warehouse_material_id_b77f0fd8" ON "stock_warehouse" ("material_id");
CREATE UNIQUE INDEX "stock_material_role_material_id_role_id_7aaba6fc_uniq" ON "stock_material_role" ("material_id", "role_id");
CREATE INDEX IF NOT EXISTS "stock_material_role_material_id_9dd0cc85" ON "stock_material_role" ("material_id");
CREATE INDEX IF NOT EXISTS "stock_material_role_role_id_ee7e0052" ON "stock_material_role" ("role_id");
CREATE UNIQUE INDEX "stock_shoppinghistory_role_shoppinghistory_id_role_id_ea48a7bb_uniq" ON "stock_shoppinghistory_role" ("shoppinghistory_id", "role_id");
CREATE INDEX IF NOT EXISTS "stock_shoppinghistory_role_shoppinghistory_id_e1839bdd" ON "stock_shoppinghistory_role" ("shoppinghistory_id");
CREATE INDEX IF NOT EXISTS "stock_shoppinghistory_role_role_id_81d25ce9" ON "stock_shoppinghistory_role" ("role_id");
CREATE INDEX IF NOT EXISTS "stock_material_item_id_d564d6b7" ON "stock_material" ("item_id");
CREATE TABLE IF NOT EXISTS "stock_material" ("id" integer NOT NULL PRIMARY KEY AUTOINCREMENT, "name" varchar(255) NOT NULL, "note" text NULL, "item_id" bigint NULL REFERENCES "stock_item" ("id") DEFERRABLE INITIALLY DEFERRED, "value" decimal NULL, "unit" varchar(255) NOT NULL, "place" varchar(255) NOT NULL);
INSERT INTO "stock_material" VALUES(1,'Frozen tuna box','/lb 
Ex）３LB＝３',1,14.3,'lb','S1');
INSERT INTO "stock_material" VALUES(4,'Cut Tuna','/100g
Ex）300g＝300',1,0.043,'g','S2');
INSERT INTO "stock_material" VALUES(5,'Cut WHOLE salmon','/1000g
Ex）3000g=3000',2,0.032,'g','S3');
INSERT INTO "stock_material" VALUES(6,'Frozen WHOLE salmon','/1000g
Ex) 3000g=3000',2,0.0254,'g','S4');
INSERT INTO "stock_material" VALUES(7,'Shiitake mushroom','/500g
Eg) 3P=3',3,8,'p','S5');
INSERT INTO "stock_material" VALUES(8,'Fried Karaage','/3200g
Eg) 3P=3',3,56.2,'p','S6');
INSERT INTO "stock_material" VALUES(9,'Cooked Teriyaki chicken(4kg/pk)','/3200g
Ex) 3P=3',3,56.7,'g','S7');
INSERT INTO "stock_material" VALUES(10,'Teriyaki chicken frozen pack','/3200g
Ex) 3P=3',3,62,'g','S8');
INSERT INTO "stock_material" VALUES(11,'Tempura Yam','/3000g
Ex) 3P=3',3,25.6,'g','S9');
INSERT INTO "stock_material" VALUES(12,'Tempura Crunch','/1container
Ex) 3cs=3',3,4.8,'g','S10');
INSERT INTO "stock_material" VALUES(13,'Fried onion','/1container
Ex) 3P=3',3,12.5,'g','S11');
INSERT INTO "stock_material" VALUES(14,'Pre cooked shrimp','/1case(125pcs)
Ex) 3cs=3',3,82.5,'g','S12');
INSERT INTO "stock_material" VALUES(15,'Avocado','/1ケース(48個入)
Ex) 3ケース＝３',4,96,'cs','S13');
INSERT INTO "stock_material" VALUES(16,'Cucumber(sushi)','/800g
Ex) 3P=3',4,7.9,'g','S14');
INSERT INTO "stock_material" VALUES(17,'Lettuce(Poke)','/600g
Ex) 3P=3',4,10,'g','S15');
INSERT INTO "stock_material" VALUES(18,'Cucumber（Poke）','/500g
Ex) 3P=3',4,5,'p','S16');
INSERT INTO "stock_material" VALUES(19,'Bell Pepper(Poke）','/300g
Ex) 3P=3',4,6.6,'g','S17');
INSERT INTO "stock_material" VALUES(20,'W,Onion','/500g
Ex) 3P=3',4,3.2,'g','S18');
INSERT INTO "stock_material" VALUES(21,'Green Onion(Sushi)','/300g
Ex) 3P=3',4,5.8,'g','S19');
INSERT INTO "stock_material" VALUES(22,'Eel','/225g
Ex) 3P=3',5,12,'g','S20');
INSERT INTO "stock_material" VALUES(23,'Pickled carrots','/300g
Ex) 3P=3',5,9,'p','S21');
INSERT INTO "stock_material" VALUES(24,'Sushi rice','/6500g
Ex) 3P=3',5,17,'p','S22');
INSERT INTO "stock_material" VALUES(25,'Rice','/3000g
Ex) 3P=3',5,11.3,'p','S23');
INSERT INTO "stock_material" VALUES(26,'Half rice','/1500g
Ex) 3P=3',5,5.7,'p','S24');
INSERT INTO "stock_material" VALUES(27,'Rice sekka','/18kg
Ex) 3P=3',5,60.5,'p','S25');
INSERT INTO "stock_material" VALUES(28,'Sweet rice','/2.25kg
Ex) 3P=3',5,10.5,'p','S26');
INSERT INTO "stock_material" VALUES(29,'Imitation Crab','/1350g
Ex) 3P=3',5,11.8,'p','S27');
INSERT INTO "stock_material" VALUES(30,'Lemon slice','/550g (約80枚)
Ex) 3P=3',5,6,'p','S28');
INSERT INTO "stock_material" VALUES(31,'Sunonmono Cucumber','/400g
Ex) 3P=3',5,4,'p','S29');
INSERT INTO "stock_material" VALUES(32,'Ginger','/11.3kg
Ex) 3P=3',5,52.8,'p','S30');
INSERT INTO "stock_material" VALUES(34,'Sunomono Juice','/3kg
Ex) 3P=3',5,8,'p','S31');
INSERT INTO "stock_material" VALUES(35,'Tuna Poke','/3kg
Ex) 3P=3',6,48,'p','S32');
INSERT INTO "stock_material" VALUES(36,'White Poke','/2kg
Ex) 3P=3',6,52.8,'p','S33');
INSERT INTO "stock_material" VALUES(37,'Seafood Poke','/1.5kg
Ex) 3P=3',6,29.4,'p','S34');
INSERT INTO "stock_material" VALUES(38,'Vegan sesami dressing','/2000g
Ex) 3P=3',6,22,'p','S35');
INSERT INTO "stock_material" VALUES(39,'Spicy sauce','/2kg
Ex) 3P=3',6,16,'p','S36');
INSERT INTO "stock_material" VALUES(40,'Spicy Mayo','/3kg
Ex) 3P=3',6,31.2,'p','S37');
INSERT INTO "stock_material" VALUES(41,'Mayonaise','/1kg
Ex) 3P=3',6,9.9,'p','S38');
INSERT INTO "stock_material" VALUES(42,'Chili Oil','/1.8L
Ex) 3P=3',6,30,'p','S39');
INSERT INTO "stock_material" VALUES(43,'Eel Sauce','/1.8L
Ex) 3P=3',6,23.1,'p','S40');
INSERT INTO "stock_material" VALUES(44,'Aburi sauce','/500g
Ex) 3P=3',6,8,'p','S41');
INSERT INTO "stock_material" VALUES(45,'Amakara Sauce','/1.5kg
Ex) 3P=3',6,23,'p','S42');
INSERT INTO "stock_material" VALUES(46,'Mix Veggie','/2.5kg
Ex) 3P=3',7,15,'p','K1');
INSERT INTO "stock_material" VALUES(47,'Green Onion(Ramen)','/300g
Ex) 3P=3',7,5.8,'p','K2');
INSERT INTO "stock_material" VALUES(48,'Shiraga Onion','/500g
Ex) 3P=3',7,11,'p','K3');
INSERT INTO "stock_material" VALUES(49,'Yam','/3000g
Ex) 3P=3',7,20,'p','K4');
INSERT INTO "stock_material" VALUES(50,'Mix leaf','/2kg
Ex) 3P=3',7,13.2,'p','K5');
INSERT INTO "stock_material" VALUES(51,'Beansprout','/4.5kg
Ex) 3P=3',7,19,'p','K6');
INSERT INTO "stock_material" VALUES(52,'Cabbage (Mix veg)','/1kg
Ex) 3P=3',7,12,'p','K7');
INSERT INTO "stock_material" VALUES(53,'Carrot (Mix veg)','/100g
EX) 3P=3',7,1,'p','K8');
INSERT INTO "stock_material" VALUES(54,'mushroom','/1p
Ex) 3P=3',7,6,'p','K9');
INSERT INTO "stock_material" VALUES(55,'Cirantro','/1束
Ex) 3P=3',7,2,'p','K10');
INSERT INTO "stock_material" VALUES(56,'Jalepenos','/1pk
Ex) 3cs=3',7,3.6,'cs','K11');
INSERT INTO "stock_material" VALUES(57,'Raw Fried Onion','/1500g
Ex) 3P=3',7,9.6,'p','K13');
INSERT INTO "stock_material" VALUES(58,'Miso chickpea','/500g
Ex) 3P=3',8,11.5,'p','K14');
INSERT INTO "stock_material" VALUES(59,'Miso shiro','/500g
Ex) 3P=3',8,11.5,'p','K15');
INSERT INTO "stock_material" VALUES(60,'Tofu','/1
Ex) 3P=3',8,3.67,'p','K16');
INSERT INTO "stock_material" VALUES(61,'Sio koji','/500ml
Ex) 3P=3',8,9.24,'p','K17');
INSERT INTO "stock_material" VALUES(62,'Amazake Large','/900ml
Ex) 3P=3',8,8.25,'p','K17');
INSERT INTO "stock_material" VALUES(63,'Amazake small','/375ml
Ex) 3P=3',8,5.8,'p','K18');
INSERT INTO "stock_material" VALUES(64,'Salmon KAMA','/1000g
Ex) 3P=3',9,10,'p','K19');
INSERT INTO "stock_material" VALUES(65,'Salmon SOGIMI','/1000g
Ex) 3P=3',9,20,'p','K20');
INSERT INTO "stock_material" VALUES(66,'Raw Karaage','/4450g
Ex) 3P=3',10,47.5,'p','K21');
INSERT INTO "stock_material" VALUES(67,'Raw Teriyaki chicken','/4000g
Ex) 3P=3',10,48,'p','K22');
INSERT INTO "stock_material" VALUES(68,'Chicken thigh(fresh)','/22.5kg
Ex) 3box=3',10,0,'box','K23');
INSERT INTO "stock_material" VALUES(69,'Cha-shu','/100g
Ex) 3P=3',10,2.8,'p','K24');
INSERT INTO "stock_material" VALUES(70,'Buddha Bowl Veggie','/100~120g
Ex) 3P=3',10,1.85,'p','K25');
INSERT INTO "stock_material" VALUES(71,'Pork hikiniku','/100g
Ex) 300g=300',10,0.0156,'g','K26');
INSERT INTO "stock_material" VALUES(72,'Shiokouji Chicken','/1.4kg
Ex) 3c=3',10,20,'cs','K28');
INSERT INTO "stock_material" VALUES(73,'Chicken soup','/6.5kg
Ex) 3P=3',11,23.8,'p','K29');
INSERT INTO "stock_material" VALUES(74,'Sio soup','/1kg
Ex) 3P=3',11,24,'p','K30');
INSERT INTO "stock_material" VALUES(75,'Curry sauce','/3kg
Ex) 3P=3',11,17.2,'p','K31');
INSERT INTO "stock_material" VALUES(76,'Teriyaki Sauce','/2.5kg
Ex) 3P=3',11,15,'p','K32');
INSERT INTO "stock_material" VALUES(77,'Cold Ramen Spicy','/2.5kg
Ex) 3P=3',11,17,'p','K33');
INSERT INTO "stock_material" VALUES(78,'Miso Ramen Sauce','/2.5kg
Ex) 3P=3',11,61,'p','K34');
INSERT INTO "stock_material" VALUES(79,'Ramen Spicy','/1kg
Ex) 3P=3',11,13.8,'p','K35');
INSERT INTO "stock_material" VALUES(80,'Gyouza Sauce','/1kg
Ex) 3P=3',11,6,'p','K36');
INSERT INTO "stock_material" VALUES(81,'Teriyaki Noodle sauce','/2.5kg
Ex) 3P=3',11,38.6,'p','K37');
INSERT INTO "stock_material" VALUES(82,'Shiokouji','/2L
Ex) 3P=3',11,19.2,'p','K38');
INSERT INTO "stock_material" VALUES(83,'Yakiniku-sauce','/1kg
Ex) 3P=3',11,3.7,'p','K39');
INSERT INTO "stock_material" VALUES(84,'Yakiniku-DON','/2000g
Ex) 3P=3',11,46,'p','K40');
INSERT INTO "stock_material" VALUES(85,'Buddha Bowl Sauce','/1kg
Ex) 3P=3',11,12.25,'p','K41');
INSERT INTO "stock_material" VALUES(86,'KOKORO','/1
Ex) 3set=3',12,30,'set','K42');
INSERT INTO "stock_material" VALUES(87,'Teriyaki chicken bowl','/1
Ex) 3set=3',12,27.2,'set','K43');
INSERT INTO "stock_material" VALUES(88,'Veggie nigiri','/1
Ex) 3set=3',12,17.6,'set','K44');
INSERT INTO "stock_material" VALUES(89,'Veggie rainbow','/1
Ex) 3set=3',12,12.4,'set','K45');
INSERT INTO "stock_material" VALUES(90,'Butter ramen','/5g
Ex) 3P=3',13,0.12,'p','K46');
INSERT INTO "stock_material" VALUES(91,'Namamen','/10
Ex) 3P=3',13,12,'p','K47');
INSERT INTO "stock_material" VALUES(92,'Chamomile','/20
Ex) 3P=3',14,4.8,'p','K48');
INSERT INTO "stock_material" VALUES(93,'Green tea','/108p
Ex) 3P=3',14,33,'p','K49');
INSERT INTO "stock_material" VALUES(94,'Genmai tea','/108p
Ex) 3P=3',14,36,'p','K50');
INSERT INTO "stock_material" VALUES(95,'Peppar mint tea','/20
Ex) 3cs=3',14,6,'cs','K51');
INSERT INTO "stock_material" VALUES(96,'Earl Grey','/100
Ex) 3cs=3',14,15.6,'cs','K52');
INSERT INTO "stock_material" VALUES(97,'Seafood mix','/20
Ex) 3P=3',15,24,'p','K53');
INSERT INTO "stock_material" VALUES(98,'Shabushabu set','/2people
Ex) 3P=3',15,46,'p','K54');
INSERT INTO "stock_material" VALUES(99,'Shabushabu meat','/450g
Ex) 3P=3',15,16.8,'p','K55');
INSERT INTO "stock_material" VALUES(100,'Ahi Tuna','/450g
Ex) 3P=3',16,15,'p','F1');
INSERT INTO "stock_material" VALUES(101,'Real crab','/1200g
Ex) 3P=3',16,96.3,'p','F2');
INSERT INTO "stock_material" VALUES(102,'Sushi shrimp','/30pc
Ex) 3P=3',16,16,'p','F3');
INSERT INTO "stock_material" VALUES(103,'Scallop','/1000g
Ex) 3P=3',16,59.4,'p','F4');
INSERT INTO "stock_material" VALUES(104,'Masago','/2kg
Ex) 3P=3',16,92,'p','F5');
INSERT INTO "stock_material" VALUES(105,'Inari','/860g
Ex) 3P=3',16,13.2,'p','F6');
INSERT INTO "stock_material" VALUES(106,'Seaweed','/2kg
Ex) 3P=3',16,28,'p','F7');
INSERT INTO "stock_material" VALUES(107,'Edamame(beans)','/2000g
Ex) 3P=3',16,14.4,'p','F8');
INSERT INTO "stock_material" VALUES(108,'Soft shell crab','/1000g (11p)
Ex) 3P=3',16,39.6,'p','F9');
INSERT INTO "stock_material" VALUES(109,'Shrimp Tempura','/30p
Ex) 3P=3',17,13.2,'p','F10');
INSERT INTO "stock_material" VALUES(110,'Edamame','/400g
EX) 3P=3',17,2.1,'p','F11');
INSERT INTO "stock_material" VALUES(111,'Gyoza','/250p
Ex) 3P=3',17,71.5,'p','F12');
INSERT INTO "stock_material" VALUES(112,'Ramen noodle','/40p
Ex) 3c=3',17,40.8,'cs','F13');
INSERT INTO "stock_material" VALUES(113,'Teriyaki noodle','/20p
Ex) 3c=3',17,36.5,'cs','F14');
INSERT INTO "stock_material" VALUES(114,'Boild noodle','/40p
Ex) 3c=3',17,67.8,'cs','F15');
INSERT INTO "stock_material" VALUES(115,'Spinach noodle','/30p
Ex) 3c=3',17,36,'cs','F16');
INSERT INTO "stock_material" VALUES(116,'Udon','/5p
Ex) 3P=3',17,8.8,'p','F17');
INSERT INTO "stock_material" VALUES(117,'Harusame','/300g
Ex) 3P=3',18,3.5,'p','DRY1');
INSERT INTO "stock_material" VALUES(118,'Rice noodle','/450g
Ex) 3P=3',18,2.04,'p','DRY2');
INSERT INTO "stock_material" VALUES(119,'Nori(full)','/100p
Ex) 3P=3',19,17.6,'p','DRY3');
INSERT INTO "stock_material" VALUES(120,'Nori(half)','/200p
Ex) 3P=3',19,17.6,'p','DRY4');
INSERT INTO "stock_material" VALUES(121,'Soy sheet(Green,Yellow)','/20p
Ex) 3P=3',19,16.5,'p','DRY5');
INSERT INTO "stock_material" VALUES(122,'Soy sheet(Cream,Goma)','/20p
EX) 3P=3',19,9.9,'p','DRY6');
INSERT INTO "stock_material" VALUES(123,'Tempura powder','/18.1kg
Ex) 3P=3',20,42.9,'p','DRY7');
INSERT INTO "stock_material" VALUES(124,'Cornstarch','/3000g
Ex) 3P=3',20,12,'p','DRY8');
INSERT INTO "stock_material" VALUES(125,'wasabi powder','/1000g
Ex) 3P=3',20,8.8,'p','DRY9');
INSERT INTO "stock_material" VALUES(126,'smoked tofu','/210g
Ex) 3P=3',21,4.5,'p','DRY10');
INSERT INTO "stock_material" VALUES(127,'Tofu','/450g
Ex) 3P=3',21,2.7,'p','DRY11');
INSERT INTO "stock_material" VALUES(128,'Cream cheese','/250g
Ex) 3P=3',21,6,'p','DRY12');
INSERT INTO "stock_material" VALUES(129,'Sesame','/2700g
Ex) 3P=3',22,20.4,'p','DRY13');
INSERT INTO "stock_material" VALUES(130,'Shredded Chili','/100g
Ex) 3P=3',22,16.5,'p','DRY14');
INSERT INTO "stock_material" VALUES(131,'Sesami dressing','/1L
Ex) 3P=3',22,10,'p','DRY15');
INSERT INTO "stock_material" VALUES(132,'Ginger orosi','/750g
Ex) 3P=3',22,28.6,'p','DRY16');
INSERT INTO "stock_material" VALUES(133,'Soy sauce take out','/500p
Ex) 3c=3',23,23.1,'cs','DRY17');
INSERT INTO "stock_material" VALUES(134,'Wasabi paste','/2.5kg
Ex) 3P=3',23,25,'p','DRY18');
INSERT INTO "stock_material" VALUES(135,'Soy sauce gluten free','/2L
Ex) 3P=3',23,15,'p','DRY19');
INSERT INTO "stock_material" VALUES(136,'Soy sauce less sodium','/2L
Ex) 3P=3',23,7.1,'p','DRY20');
INSERT INTO "stock_material" VALUES(137,'Miso','/5kg
Ex) 3P=3',25,13.8,'p','DRY21');
INSERT INTO "stock_material" VALUES(138,'Canola OIL','/16L
Ex) 3P=3',25,48.4,'p','DRY22');
INSERT INTO "stock_material" VALUES(139,'Oikatsuo','/1.89L
Ex) 3P=3',25,19.8,'p','DRY23');
INSERT INTO "stock_material" VALUES(140,'Black oil','/1000g
Ex) 3P=3',25,46.2,'p','DRY24');
INSERT INTO "stock_material" VALUES(141,'Vegan sauce','/1000g
Ex) 3P=3',25,27.5,'p','DRY25');
INSERT INTO "stock_material" VALUES(142,'Awase vinegar','/20L
Ex) 3P=3',25,60.5,'p','DRY26');
INSERT INTO "stock_material" VALUES(143,'Egg','/30
Ex) 3P=3',25,11,'p','DRY27');
INSERT INTO "stock_material" VALUES(144,'Sasanoha','/100p
Ex) 3P=3',25,14.4,'p','DRY28');
INSERT INTO "stock_material" VALUES(145,'Sanpellegrio Orange','/6
Ex) 3c=3',26,7.2,'cs','D1');
INSERT INTO "stock_material" VALUES(146,'Sanpellegrio Lemon','/6
Ex) 3c=3',26,7.2,'cs','D2');
INSERT INTO "stock_material" VALUES(147,'COKE','/24
Ex) 3c=3',26,46,'cs','D3');
INSERT INTO "stock_material" VALUES(148,'COKE Zero','/24
Ex) 3c=3',26,46,'cs','D4');
INSERT INTO "stock_material" VALUES(149,'Canada Dry','/24
Ex) 3c=3',26,46,'cs','D5');
INSERT INTO "stock_material" VALUES(150,'Water Bottle','/24
Ex) 3c=3',26,37.2,'cs','D6');
INSERT INTO "stock_material" VALUES(151,'Sapporo beer','/6
Ex) 3c=3',27,17.5,'cs','D7');
INSERT INTO "stock_material" VALUES(152,'Sleeman Honey Lager','/6
Ex) 3c=3',27,15.6,'cs','D8');
INSERT INTO "stock_material" VALUES(153,'White wine','/750m
Ex) 3P=3',27,21.6,'p','D9');
INSERT INTO "stock_material" VALUES(154,'Red wine','/750m
Ex) 3P=3',27,25.2,'p','D10');
INSERT INTO "stock_material" VALUES(155,'Apple cider','/12p/500ml
Ex) 3c=3',27,90,'cs','D11');
INSERT INTO "stock_material" VALUES(156,'Aizu Homare','/1500ml
Ex) 3P=3',27,33,'p','D12');
INSERT INTO "stock_material" VALUES(157,'Fukucho hattanso','/720ml
Ex) 3P=3',27,55,'p','D13');
INSERT INTO "stock_material" VALUES(158,'Koikawa junmai','/720ml
Ex) 3P=3',27,30.2,'p','D14');
INSERT INTO "stock_material" VALUES(159,'Sake - Yoshinogawa','/1p/3L
Ex) 3P=3',27,80,'p','D15');
INSERT INTO "stock_material" VALUES(160,'Dassai','/1800ml
Ex) 3P=3',27,110,'p','D16');
INSERT INTO "stock_material" VALUES(161,'Sushi TOGO (Small)','/100
Ex) 3P=3',28,30.8,'p','C1');
INSERT INTO "stock_material" VALUES(162,'Sushi TOGO (Single)','/100
Ex) 3P=3',28,30.7,'p','C2');
INSERT INTO "stock_material" VALUES(163,'Sushi TOGO (Double)','/100
Ex) 3P=3',28,39,'p','C3');
INSERT INTO "stock_material" VALUES(164,'Sauce Cup (1.5/2oz)Body','/125
Ex) 3P=3',29,2.6,'p','C4');
INSERT INTO "stock_material" VALUES(165,'Sauce Cup (3.25oz)Body','/200
Ex) 3P=3',29,4.8,'p','C5');
INSERT INTO "stock_material" VALUES(166,'Cup (8 oz )Body','/50
Ex) 3P=3',29,7,'p','C6');
INSERT INTO "stock_material" VALUES(167,'Soup Cup (12oz) Body','/25
Ex) 3P=3',29,4.6,'p','C7');
INSERT INTO "stock_material" VALUES(168,'Soup Cup (16oz) Body','/25
Ex) 3P=3',29,6.1,'p','C8');
INSERT INTO "stock_material" VALUES(169,'To Go Sushi (Square) body','/50
Ex) 3P=3',30,42.7,'p','C9');
INSERT INTO "stock_material" VALUES(170,'To Go Sushi (Round small)Body','/25
Ex) 3P=3',30,15,'p','C10');
INSERT INTO "stock_material" VALUES(171,'To Go Sushi (Round Medium)Body','/10
Ex) 3P=3',30,12.7,'p','C11');
INSERT INTO "stock_material" VALUES(172,'To Go Sushi (Round Large)Body','/10
Ex) 3P=3',30,14.4,'p','C12');
INSERT INTO "stock_material" VALUES(173,'To Go Ra-men (Body)','/50
Ex) 3P=3',31,15,'p','C13');
INSERT INTO "stock_material" VALUES(174,'To Go Rice Bowl (Body)','/110
Ex) 3P=3',31,33,'p','C14');
INSERT INTO "stock_material" VALUES(175,'To Go Chicken Noodle(Body)','/50
Ex) 3P=3',31,55,'p','C15');
INSERT INTO "stock_material" VALUES(176,'To Go Poke bowl(body)','/50
Ex) 3P=3',31,17.5,'p','C16');
INSERT INTO "stock_material" VALUES(177,'Coffee cup(Body)','/50
Ex) 3P=3',31,5.28,'p','C17');
INSERT INTO "stock_material" VALUES(178,'Sauce Cup (1.5/2oz) Lid','/125
Ex) 3P=3',32,2.9,'p','C18');
INSERT INTO "stock_material" VALUES(179,'Sauce Cup (8oz) Lid','/100
Ex) 3P=3',32,11,'p','C19');
INSERT INTO "stock_material" VALUES(180,'Soup Cup (12oz) Lid','/50
Ex) 3P=3',32,5.6,'p','C20');
INSERT INTO "stock_material" VALUES(181,'Soup Cup (16 oz)Lid','/50
Ex) 3P=3',32,5.6,'p','C21');
INSERT INTO "stock_material" VALUES(182,'To Go Sushi (Round small)Lid','/25
Ex) 3P=3',33,15,'p','C22');
INSERT INTO "stock_material" VALUES(183,'To Go Sushi (Round medium)Lid','/10
Ex) 3P=3',33,9.01,'p','C23');
INSERT INTO "stock_material" VALUES(184,'To Go Sushi (Round Large) Lid','/10
Ex) 3P=3',33,9.64,'p','C24');
INSERT INTO "stock_material" VALUES(185,'To Go Ra-men (Lid)','/50
Ex) 3P=3',34,12,'p','C25');
INSERT INTO "stock_material" VALUES(186,'To Go Chicken Noodle(Lid)','/50
Ex) 3P=3',34,23.2,'p','C26');
INSERT INTO "stock_material" VALUES(187,'To Go Poke bowl(Lid)','/50
Ex) 3P=3',34,16.68,'p','C27');
INSERT INTO "stock_material" VALUES(188,'Coffee cup (Lid)','/100
Ex) 3P=3',34,4.8,'p','C28');
INSERT INTO "stock_material" VALUES(189,'Chop Sticks','/100
Ex) 3P=3',35,3.5,'p','OT1');
INSERT INTO "stock_material" VALUES(190,'Paper Napkin','/300
Ex) 3P=3',35,5.5,'p','OT2');
INSERT INTO "stock_material" VALUES(191,'TO GO Fork','/1000
Ex) 3c=3',35,68.3,'cs','OT3');
INSERT INTO "stock_material" VALUES(192,'TO GO Spoon','/1000
Ex) 3c=3',35,68.7,'cs','OT4');
INSERT INTO "stock_material" VALUES(193,'TO GO Bag','/2000
Ex) 3P=3',35,60,'p','OT5');
INSERT INTO "stock_material" VALUES(194,'Gloves（Vinyl）Medium','/100
Ex) 3P=3',36,15.6,'p','OT6');
INSERT INTO "stock_material" VALUES(195,'Gloves（Vinyl）Large','/100
Ex) 3P=3',36,15.9,'p','OT7');
INSERT INTO "stock_material" VALUES(196,'Gloves(Poli）','/100
Ex) 3P=3',36,3.48,'p','OT8');
INSERT INTO "stock_material" VALUES(197,'Duster','/40p
Ex) 3P=3',36,7.2,'p','OT9');
INSERT INTO "stock_material" VALUES(198,'Kitchen Paper','/90sheet
Ex) 3P=3',36,2.16,'p','OT10');
INSERT INTO "stock_material" VALUES(199,'Paper Sushi','/2000p
Ex) 3P=3',36,46.4,'p','OT11');
INSERT INTO "stock_material" VALUES(200,'Alumi Foil','/200m
Ex) 3P=3',36,24.4,'p','OT12');
INSERT INTO "stock_material" VALUES(201,'Alumi Foil Sushi','/500sheet
Ex) 3P=3',36,19.2,'p','OT13');
INSERT INTO "stock_material" VALUES(202,'Wrap','/305m
Ex) 3P=3',36,28,'p','OT14');
INSERT INTO "stock_material" VALUES(203,'Plastic Brush','/3p
Ex) 3P=3',37,3.6,'p','OT15');
INSERT INTO "stock_material" VALUES(204,'Sponge','/6p
Ex) 3c=3',37,6,'cs','OT16');
INSERT INTO "stock_material" VALUES(206,'Bleach','/3600ml
Ex) 3P=3',36,5.16,'p','OT18');
INSERT INTO "stock_material" VALUES(207,'Pipe cleaner 2.7L','/1
Ex) 3P=3',37,15.6,'p','OT19');
INSERT INTO "stock_material" VALUES(208,'Toilet cleaner spray','/950ml
Ex) 3P=3',37,6,'p','OT20');
INSERT INTO "stock_material" VALUES(209,'Detergent Dish wash','/3600ml
Ex) 3P=3',37,9,'p','OT21');
INSERT INTO "stock_material" VALUES(210,'Garbage bag S','/500
Ex) 3P=3',38,24.42,'p','OT22');
INSERT INTO "stock_material" VALUES(211,'Garbage bag M','/250
Ex) 3P=3',38,64.4,'p','OT23');
INSERT INTO "stock_material" VALUES(212,'Garbage bag L','/150
Ex) 3P=3',38,64.4,'p','OT24');
INSERT INTO "stock_material" VALUES(213,'Printer roll','/1p
Ex) 3P=3',39,2,'p','OT25');
INSERT INTO "stock_material" VALUES(214,'Printer roll(kitchen)','/1p
Ex) 3P=3',39,2,'p','OT26');
INSERT INTO "stock_material" VALUES(215,'Printer roll card','/1p
Ex) 3P=3',39,1.2,'p','OT27');
INSERT INTO "stock_material" VALUES(216,'Flat Box','/1case (50p)
Ex) 3P=3',39,50,'p','OT28');
INSERT INTO "stock_material" VALUES(217,'Tape','/1
Ex) 3P=3',39,3.6,'p','OT29');
INSERT INTO "stock_material" VALUES(218,'Printer Ribbon','/1
Ex) 3P=3',39,7.2,'p','OT30');
INSERT INTO "stock_material" VALUES(219,'Ziploc','/40p
Ex) 3P=3',39,4.8,'p','OT31');
INSERT INTO "stock_material" VALUES(220,'Pen(Sharpie)','/5p
Ex) 3P=3',39,8.4,'p','OT32');
INSERT INTO "stock_material" VALUES(221,'Gas bottlie','/1p
Ex) 3P=3',40,5.8,'p','OT33');
INSERT INTO "stock_material" VALUES(222,'Cup Sleeve','/10
Ex) 3c=3',40,0.24,'cs','OT34');
INSERT INTO "stock_material" VALUES(223,'Chakkaman','/1
Ex) 3P=3.',40,3.6,'p','OT35');
INSERT INTO "stock_material" VALUES(224,'Green leef lettuce','1CS =24CT',3,59.6,'cs','KOYA');
INSERT INTO "stock_material" VALUES(225,'To Go Sushi (Square)lid','50p/c',38,21.35,'cs','C9.5');
INSERT INTO "stock_material" VALUES(226,'Sponge (hard)','1p/p',40,1.8,'p','OT17');
INSERT INTO "stock_material" VALUES(227,'削除された材料',NULL,NULL,1,'','');
CREATE UNIQUE INDEX "auth_group_permissions_group_id_permission_id_0cd325b0_uniq" ON "auth_group_permissions" ("group_id", "permission_id");
CREATE INDEX IF NOT EXISTS "auth_group_permissions_group_id_b120cbf9" ON "auth_group_permissions" ("group_id");
CREATE INDEX IF NOT EXISTS "auth_group_permissions_permission_id_84c5c92e" ON "auth_group_permissions" ("permission_id");
CREATE UNIQUE INDEX "auth_user_groups_user_id_group_id_94350c0c_uniq" ON "auth_user_groups" ("user_id", "group_id");
CREATE INDEX IF NOT EXISTS "auth_user_groups_user_id_6a12ed8b" ON "auth_user_groups" ("user_id");
CREATE INDEX IF NOT EXISTS "auth_user_groups_group_id_97559544" ON "auth_user_groups" ("group_id");
CREATE UNIQUE INDEX "auth_user_user_permissions_user_id_permission_id_14a6b632_uniq" ON "auth_user_user_permissions" ("user_id", "permission_id");
CREATE INDEX IF NOT EXISTS "auth_user_user_permissions_user_id_a95ead1b" ON "auth_user_user_permissions" ("user_id");
CREATE INDEX IF NOT EXISTS "auth_user_user_permissions_permission_id_1fbb5f2c" ON "auth_user_user_permissions" ("permission_id");
CREATE INDEX IF NOT EXISTS "django_admin_log_content_type_id_c4bce8eb" ON "django_admin_log" ("content_type_id");
CREATE INDEX IF NOT EXISTS "django_admin_log_user_id_c564eba6" ON "django_admin_log" ("user_id");
CREATE UNIQUE INDEX "django_content_type_app_label_model_76bd3d3b_uniq" ON "django_content_type" ("app_label", "model");
CREATE UNIQUE INDEX "auth_permission_content_type_id_codename_01ab375a_uniq" ON "auth_permission" ("content_type_id", "codename");
CREATE INDEX IF NOT EXISTS "auth_permission_content_type_id_2f476e4b" ON "auth_permission" ("content_type_id");
CREATE INDEX IF NOT EXISTS "django_session_expire_date_a5c62663" ON "django_session" ("expire_date");
CREATE INDEX IF NOT EXISTS "stock_purchasehistory_item_id_cf23b926" ON "stock_purchasehistory" ("item_id");
CREATE INDEX IF NOT EXISTS "stock_item_parent_id_2d0db498" ON "stock_item" ("parent_id");
CREATE INDEX IF NOT EXISTS "stock_warehouse_material_id_b77f0fd8" ON "stock_warehouse" ("material_id");
CREATE UNIQUE INDEX "stock_material_role_material_id_role_id_7aaba6fc_uniq" ON "stock_material_role" ("material_id", "role_id");
CREATE INDEX IF NOT EXISTS "stock_material_role_material_id_9dd0cc85" ON "stock_material_role" ("material_id");
CREATE INDEX IF NOT EXISTS "stock_material_role_role_id_ee7e0052" ON "stock_material_role" ("role_id");
CREATE UNIQUE INDEX "stock_shoppinghistory_role_shoppinghistory_id_role_id_ea48a7bb_uniq" ON "stock_shoppinghistory_role" ("shoppinghistory_id", "role_id");
CREATE INDEX IF NOT EXISTS "stock_shoppinghistory_role_shoppinghistory_id_e1839bdd" ON "stock_shoppinghistory_role" ("shoppinghistory_id");
CREATE INDEX IF NOT EXISTS "stock_shoppinghistory_role_role_id_81d25ce9" ON "stock_shoppinghistory_role" ("role_id");
CREATE INDEX IF NOT EXISTS "stock_material_item_id_d564d6b7" ON "stock_material" ("item_id");
CREATE TABLE IF NOT EXISTS "stock_material_role" ("id" integer NOT NULL PRIMARY KEY AUTOINCREMENT, "material_id" bigint NOT NULL REFERENCES "stock_material" ("id") DEFERRABLE INITIALLY DEFERRED, "role_id" bigint NOT NULL REFERENCES "stock_role" ("id") DEFERRABLE INITIALLY DEFERRED);
CREATE UNIQUE INDEX "auth_group_permissions_group_id_permission_id_0cd325b0_uniq" ON "auth_group_permissions" ("group_id", "permission_id");
CREATE INDEX IF NOT EXISTS "auth_group_permissions_group_id_b120cbf9" ON "auth_group_permissions" ("group_id");
CREATE INDEX IF NOT EXISTS "auth_group_permissions_permission_id_84c5c92e" ON "auth_group_permissions" ("permission_id");
CREATE UNIQUE INDEX "auth_user_groups_user_id_group_id_94350c0c_uniq" ON "auth_user_groups" ("user_id", "group_id");
CREATE INDEX IF NOT EXISTS "auth_user_groups_user_id_6a12ed8b" ON "auth_user_groups" ("user_id");
CREATE INDEX IF NOT EXISTS "auth_user_groups_group_id_97559544" ON "auth_user_groups" ("group_id");
CREATE UNIQUE INDEX "auth_user_user_permissions_user_id_permission_id_14a6b632_uniq" ON "auth_user_user_permissions" ("user_id", "permission_id");
CREATE INDEX IF NOT EXISTS "auth_user_user_permissions_user_id_a95ead1b" ON "auth_user_user_permissions" ("user_id");
CREATE INDEX IF NOT EXISTS "auth_user_user_permissions_permission_id_1fbb5f2c" ON "auth_user_user_permissions" ("permission_id");
CREATE INDEX IF NOT EXISTS "django_admin_log_content_type_id_c4bce8eb" ON "django_admin_log" ("content_type_id");
CREATE INDEX IF NOT EXISTS "django_admin_log_user_id_c564eba6" ON "django_admin_log" ("user_id");
CREATE UNIQUE INDEX "django_content_type_app_label_model_76bd3d3b_uniq" ON "django_content_type" ("app_label", "model");
CREATE UNIQUE INDEX "auth_permission_content_type_id_codename_01ab375a_uniq" ON "auth_permission" ("content_type_id", "codename");
CREATE INDEX IF NOT EXISTS "auth_permission_content_type_id_2f476e4b" ON "auth_permission" ("content_type_id");
CREATE INDEX IF NOT EXISTS "django_session_expire_date_a5c62663" ON "django_session" ("expire_date");
CREATE INDEX IF NOT EXISTS "stock_purchasehistory_item_id_cf23b926" ON "stock_purchasehistory" ("item_id");
CREATE INDEX IF NOT EXISTS "stock_item_parent_id_2d0db498" ON "stock_item" ("parent_id");
CREATE INDEX IF NOT EXISTS "stock_warehouse_material_id_b77f0fd8" ON "stock_warehouse" ("material_id");
CREATE UNIQUE INDEX "stock_material_role_material_id_role_id_7aaba6fc_uniq" ON "stock_material_role" ("material_id", "role_id");
CREATE INDEX IF NOT EXISTS "stock_material_role_material_id_9dd0cc85" ON "stock_material_role" ("material_id");
CREATE INDEX IF NOT EXISTS "stock_material_role_role_id_ee7e0052" ON "stock_material_role" ("role_id");
CREATE UNIQUE INDEX "stock_shoppinghistory_role_shoppinghistory_id_role_id_ea48a7bb_uniq" ON "stock_shoppinghistory_role" ("shoppinghistory_id", "role_id");
CREATE INDEX IF NOT EXISTS "stock_shoppinghistory_role_shoppinghistory_id_e1839bdd" ON "stock_shoppinghistory_role" ("shoppinghistory_id");
CREATE INDEX IF NOT EXISTS "stock_shoppinghistory_role_role_id_81d25ce9" ON "stock_shoppinghistory_role" ("role_id");
CREATE INDEX IF NOT EXISTS "stock_material_item_id_d564d6b7" ON "stock_material" ("item_id");
CREATE TABLE IF NOT EXISTS "stock_parentcategory" ("id" integer NOT NULL PRIMARY KEY AUTOINCREMENT, "name" varchar(255) NOT NULL);
INSERT INTO "stock_parentcategory" VALUES(1,'Sushi');
INSERT INTO "stock_parentcategory" VALUES(2,'Kitchen');
INSERT INTO "stock_parentcategory" VALUES(3,'Frozen');
INSERT INTO "stock_parentcategory" VALUES(4,'Dry');
INSERT INTO "stock_parentcategory" VALUES(5,'Drinks');
INSERT INTO "stock_parentcategory" VALUES(6,'Container');
INSERT INTO "stock_parentcategory" VALUES(7,'Other');
CREATE UNIQUE INDEX "auth_group_permissions_group_id_permission_id_0cd325b0_uniq" ON "auth_group_permissions" ("group_id", "permission_id");
CREATE INDEX IF NOT EXISTS "auth_group_permissions_group_id_b120cbf9" ON "auth_group_permissions" ("group_id");
CREATE INDEX IF NOT EXISTS "auth_group_permissions_permission_id_84c5c92e" ON "auth_group_permissions" ("permission_id");
CREATE UNIQUE INDEX "auth_user_groups_user_id_group_id_94350c0c_uniq" ON "auth_user_groups" ("user_id", "group_id");
CREATE INDEX IF NOT EXISTS "auth_user_groups_user_id_6a12ed8b" ON "auth_user_groups" ("user_id");
CREATE INDEX IF NOT EXISTS "auth_user_groups_group_id_97559544" ON "auth_user_groups" ("group_id");
CREATE UNIQUE INDEX "auth_user_user_permissions_user_id_permission_id_14a6b632_uniq" ON "auth_user_user_permissions" ("user_id", "permission_id");
CREATE INDEX IF NOT EXISTS "auth_user_user_permissions_user_id_a95ead1b" ON "auth_user_user_permissions" ("user_id");
CREATE INDEX IF NOT EXISTS "auth_user_user_permissions_permission_id_1fbb5f2c" ON "auth_user_user_permissions" ("permission_id");
CREATE INDEX IF NOT EXISTS "django_admin_log_content_type_id_c4bce8eb" ON "django_admin_log" ("content_type_id");
CREATE INDEX IF NOT EXISTS "django_admin_log_user_id_c564eba6" ON "django_admin_log" ("user_id");
CREATE UNIQUE INDEX "django_content_type_app_label_model_76bd3d3b_uniq" ON "django_content_type" ("app_label", "model");
CREATE UNIQUE INDEX "auth_permission_content_type_id_codename_01ab375a_uniq" ON "auth_permission" ("content_type_id", "codename");
CREATE INDEX IF NOT EXISTS "auth_permission_content_type_id_2f476e4b" ON "auth_permission" ("content_type_id");
CREATE INDEX IF NOT EXISTS "django_session_expire_date_a5c62663" ON "django_session" ("expire_date");
CREATE INDEX IF NOT EXISTS "stock_purchasehistory_item_id_cf23b926" ON "stock_purchasehistory" ("item_id");
CREATE INDEX IF NOT EXISTS "stock_item_parent_id_2d0db498" ON "stock_item" ("parent_id");
CREATE INDEX IF NOT EXISTS "stock_warehouse_material_id_b77f0fd8" ON "stock_warehouse" ("material_id");
CREATE UNIQUE INDEX "stock_material_role_material_id_role_id_7aaba6fc_uniq" ON "stock_material_role" ("material_id", "role_id");
CREATE INDEX IF NOT EXISTS "stock_material_role_material_id_9dd0cc85" ON "stock_material_role" ("material_id");
CREATE INDEX IF NOT EXISTS "stock_material_role_role_id_ee7e0052" ON "stock_material_role" ("role_id");
CREATE UNIQUE INDEX "stock_shoppinghistory_role_shoppinghistory_id_role_id_ea48a7bb_uniq" ON "stock_shoppinghistory_role" ("shoppinghistory_id", "role_id");
CREATE INDEX IF NOT EXISTS "stock_shoppinghistory_role_shoppinghistory_id_e1839bdd" ON "stock_shoppinghistory_role" ("shoppinghistory_id");
CREATE INDEX IF NOT EXISTS "stock_shoppinghistory_role_role_id_81d25ce9" ON "stock_shoppinghistory_role" ("role_id");
CREATE INDEX IF NOT EXISTS "stock_material_item_id_d564d6b7" ON "stock_material" ("item_id");
CREATE TABLE IF NOT EXISTS "stock_purchasehistory" ("id" integer NOT NULL PRIMARY KEY AUTOINCREMENT, "target_name" varchar(255) NOT NULL, "num" integer NOT NULL, "date" date NOT NULL, "item_id" bigint NOT NULL REFERENCES "stock_item" ("id") DEFERRABLE INITIALLY DEFERRED);
CREATE UNIQUE INDEX "auth_group_permissions_group_id_permission_id_0cd325b0_uniq" ON "auth_group_permissions" ("group_id", "permission_id");
CREATE INDEX IF NOT EXISTS "auth_group_permissions_group_id_b120cbf9" ON "auth_group_permissions" ("group_id");
CREATE INDEX IF NOT EXISTS "auth_group_permissions_permission_id_84c5c92e" ON "auth_group_permissions" ("permission_id");
CREATE UNIQUE INDEX "auth_user_groups_user_id_group_id_94350c0c_uniq" ON "auth_user_groups" ("user_id", "group_id");
CREATE INDEX IF NOT EXISTS "auth_user_groups_user_id_6a12ed8b" ON "auth_user_groups" ("user_id");
CREATE INDEX IF NOT EXISTS "auth_user_groups_group_id_97559544" ON "auth_user_groups" ("group_id");
CREATE UNIQUE INDEX "auth_user_user_permissions_user_id_permission_id_14a6b632_uniq" ON "auth_user_user_permissions" ("user_id", "permission_id");
CREATE INDEX IF NOT EXISTS "auth_user_user_permissions_user_id_a95ead1b" ON "auth_user_user_permissions" ("user_id");
CREATE INDEX IF NOT EXISTS "auth_user_user_permissions_permission_id_1fbb5f2c" ON "auth_user_user_permissions" ("permission_id");
CREATE INDEX IF NOT EXISTS "django_admin_log_content_type_id_c4bce8eb" ON "django_admin_log" ("content_type_id");
CREATE INDEX IF NOT EXISTS "django_admin_log_user_id_c564eba6" ON "django_admin_log" ("user_id");
CREATE UNIQUE INDEX "django_content_type_app_label_model_76bd3d3b_uniq" ON "django_content_type" ("app_label", "model");
CREATE UNIQUE INDEX "auth_permission_content_type_id_codename_01ab375a_uniq" ON "auth_permission" ("content_type_id", "codename");
CREATE INDEX IF NOT EXISTS "auth_permission_content_type_id_2f476e4b" ON "auth_permission" ("content_type_id");
CREATE INDEX IF NOT EXISTS "django_session_expire_date_a5c62663" ON "django_session" ("expire_date");
CREATE INDEX IF NOT EXISTS "stock_purchasehistory_item_id_cf23b926" ON "stock_purchasehistory" ("item_id");
CREATE INDEX IF NOT EXISTS "stock_item_parent_id_2d0db498" ON "stock_item" ("parent_id");
CREATE INDEX IF NOT EXISTS "stock_warehouse_material_id_b77f0fd8" ON "stock_warehouse" ("material_id");
CREATE UNIQUE INDEX "stock_material_role_material_id_role_id_7aaba6fc_uniq" ON "stock_material_role" ("material_id", "role_id");
CREATE INDEX IF NOT EXISTS "stock_material_role_material_id_9dd0cc85" ON "stock_material_role" ("material_id");
CREATE INDEX IF NOT EXISTS "stock_material_role_role_id_ee7e0052" ON "stock_material_role" ("role_id");
CREATE UNIQUE INDEX "stock_shoppinghistory_role_shoppinghistory_id_role_id_ea48a7bb_uniq" ON "stock_shoppinghistory_role" ("shoppinghistory_id", "role_id");
CREATE INDEX IF NOT EXISTS "stock_shoppinghistory_role_shoppinghistory_id_e1839bdd" ON "stock_shoppinghistory_role" ("shoppinghistory_id");
CREATE INDEX IF NOT EXISTS "stock_shoppinghistory_role_role_id_81d25ce9" ON "stock_shoppinghistory_role" ("role_id");
CREATE INDEX IF NOT EXISTS "stock_material_item_id_d564d6b7" ON "stock_material" ("item_id");
CREATE TABLE IF NOT EXISTS "stock_role" ("id" integer NOT NULL PRIMARY KEY AUTOINCREMENT, "name" varchar(255) NOT NULL);
INSERT INTO "stock_role" VALUES(1,'kitchen');
INSERT INTO "stock_role" VALUES(2,'Sushi');
INSERT INTO "stock_role" VALUES(3,'dishup');
CREATE UNIQUE INDEX "auth_group_permissions_group_id_permission_id_0cd325b0_uniq" ON "auth_group_permissions" ("group_id", "permission_id");
CREATE INDEX IF NOT EXISTS "auth_group_permissions_group_id_b120cbf9" ON "auth_group_permissions" ("group_id");
CREATE INDEX IF NOT EXISTS "auth_group_permissions_permission_id_84c5c92e" ON "auth_group_permissions" ("permission_id");
CREATE UNIQUE INDEX "auth_user_groups_user_id_group_id_94350c0c_uniq" ON "auth_user_groups" ("user_id", "group_id");
CREATE INDEX IF NOT EXISTS "auth_user_groups_user_id_6a12ed8b" ON "auth_user_groups" ("user_id");
CREATE INDEX IF NOT EXISTS "auth_user_groups_group_id_97559544" ON "auth_user_groups" ("group_id");
CREATE UNIQUE INDEX "auth_user_user_permissions_user_id_permission_id_14a6b632_uniq" ON "auth_user_user_permissions" ("user_id", "permission_id");
CREATE INDEX IF NOT EXISTS "auth_user_user_permissions_user_id_a95ead1b" ON "auth_user_user_permissions" ("user_id");
CREATE INDEX IF NOT EXISTS "auth_user_user_permissions_permission_id_1fbb5f2c" ON "auth_user_user_permissions" ("permission_id");
CREATE INDEX IF NOT EXISTS "django_admin_log_content_type_id_c4bce8eb" ON "django_admin_log" ("content_type_id");
CREATE INDEX IF NOT EXISTS "django_admin_log_user_id_c564eba6" ON "django_admin_log" ("user_id");
CREATE UNIQUE INDEX "django_content_type_app_label_model_76bd3d3b_uniq" ON "django_content_type" ("app_label", "model");
CREATE UNIQUE INDEX "auth_permission_content_type_id_codename_01ab375a_uniq" ON "auth_permission" ("content_type_id", "codename");
CREATE INDEX IF NOT EXISTS "auth_permission_content_type_id_2f476e4b" ON "auth_permission" ("content_type_id");
CREATE INDEX IF NOT EXISTS "django_session_expire_date_a5c62663" ON "django_session" ("expire_date");
CREATE INDEX IF NOT EXISTS "stock_purchasehistory_item_id_cf23b926" ON "stock_purchasehistory" ("item_id");
CREATE INDEX IF NOT EXISTS "stock_item_parent_id_2d0db498" ON "stock_item" ("parent_id");
CREATE INDEX IF NOT EXISTS "stock_warehouse_material_id_b77f0fd8" ON "stock_warehouse" ("material_id");
CREATE UNIQUE INDEX "stock_material_role_material_id_role_id_7aaba6fc_uniq" ON "stock_material_role" ("material_id", "role_id");
CREATE INDEX IF NOT EXISTS "stock_material_role_material_id_9dd0cc85" ON "stock_material_role" ("material_id");
CREATE INDEX IF NOT EXISTS "stock_material_role_role_id_ee7e0052" ON "stock_material_role" ("role_id");
CREATE UNIQUE INDEX "stock_shoppinghistory_role_shoppinghistory_id_role_id_ea48a7bb_uniq" ON "stock_shoppinghistory_role" ("shoppinghistory_id", "role_id");
CREATE INDEX IF NOT EXISTS "stock_shoppinghistory_role_shoppinghistory_id_e1839bdd" ON "stock_shoppinghistory_role" ("shoppinghistory_id");
CREATE INDEX IF NOT EXISTS "stock_shoppinghistory_role_role_id_81d25ce9" ON "stock_shoppinghistory_role" ("role_id");
CREATE INDEX IF NOT EXISTS "stock_material_item_id_d564d6b7" ON "stock_material" ("item_id");
CREATE TABLE IF NOT EXISTS "stock_shoppinghistory" ("id" integer NOT NULL PRIMARY KEY AUTOINCREMENT, "target_name" varchar(255) NOT NULL, "date" date NOT NULL, "is_send" bool NULL, "material_name" varchar(255) NOT NULL, "value" decimal NULL, "material_unit" varchar(255) NOT NULL, "num" decimal NULL, "material_item_name" varchar(255) NOT NULL, "created_at" datetime NOT NULL, "updated_at" datetime NOT NULL, "material_parent_category_name" varchar(255) NOT NULL, "role" varchar(255) NOT NULL);
INSERT INTO "stock_shoppinghistory" VALUES(100,'west','2023-04-25',1,'Rice',56.5,'p',5,'DU/Other','2023-04-26 03:48:26.972347','2023-04-30 02:09:14.654456','Sushi','');
INSERT INTO "stock_shoppinghistory" VALUES(101,'west','2023-04-25',1,'Rice',56.5,'p',5,'DU/Other','2023-04-26 03:48:30.276767','2023-04-30 02:09:14.659199','Sushi','');
INSERT INTO "stock_shoppinghistory" VALUES(102,'west','2023-04-25',1,'Green Onion(Ramen)',5.8,'p',1,'Veggie','2023-04-26 03:49:39.242314','2023-04-30 02:09:14.663156','Kitchen','');
INSERT INTO "stock_shoppinghistory" VALUES(103,'west','2023-04-25',1,'Yam',20,'p',1,'Veggie','2023-04-26 03:50:18.021728','2023-04-30 02:09:14.667335','Kitchen','');
INSERT INTO "stock_shoppinghistory" VALUES(104,'west','2023-04-25',1,'Yam',20,'p',1,'Veggie','2023-04-26 03:50:23.327966','2023-04-30 02:09:14.672031','Kitchen','');
INSERT INTO "stock_shoppinghistory" VALUES(105,'west','2023-04-25',1,'Beansprout',19,'p',1,'Veggie','2023-04-26 03:53:48.858656','2023-04-30 02:09:14.675863','Kitchen','');
INSERT INTO "stock_shoppinghistory" VALUES(106,'west','2023-04-25',1,'Cirantro',2,'p',1,'Veggie','2023-04-26 03:54:08.250092','2023-04-30 02:09:14.679602','Kitchen','');
INSERT INTO "stock_shoppinghistory" VALUES(107,'west','2023-04-25',1,'Raw Karaage',95,'p',2,'Meat','2023-04-26 03:54:27.789188','2023-04-30 02:09:14.683953','Kitchen','');
INSERT INTO "stock_shoppinghistory" VALUES(108,'west','2023-04-25',1,'Raw Teriyaki chicken',48,'p',1,'Meat','2023-04-26 03:54:44.604566','2023-04-30 02:09:14.687462','Kitchen','');
INSERT INTO "stock_shoppinghistory" VALUES(109,'west','2023-04-25',1,'Cha-shu',2.8,'p',1,'Meat','2023-04-26 03:55:01.961677','2023-04-30 02:09:14.691229','Kitchen','');
INSERT INTO "stock_shoppinghistory" VALUES(110,'west','2023-04-25',1,'Chicken soup',47.6,'p',2,'Sauce/Soup','2023-04-26 03:55:23.254421','2023-04-30 02:09:14.694903','Kitchen','');
INSERT INTO "stock_shoppinghistory" VALUES(111,'west','2023-04-25',1,'Miso Ramen Sauce',61,'p',1,'Sauce/Soup','2023-04-26 03:55:43.166430','2023-04-30 02:09:14.698586','Kitchen','');
INSERT INTO "stock_shoppinghistory" VALUES(112,'west','2023-04-25',1,'Shrimp Tempura',158.4,'p',12,'F. Kitchen','2023-04-26 03:56:57.347512','2023-04-30 02:09:14.702171','Frozen','');
INSERT INTO "stock_shoppinghistory" VALUES(113,'west','2023-04-25',1,'Edamame',10.5,'p',5,'F. Kitchen','2023-04-26 03:57:21.046941','2023-04-30 02:09:14.709124','Frozen','');
INSERT INTO "stock_shoppinghistory" VALUES(114,'west','2023-04-25',1,'Ramen noodle',40.8,'cs',1,'F. Kitchen','2023-04-26 03:57:35.773743','2023-04-30 02:09:14.715336','Frozen','');
INSERT INTO "stock_shoppinghistory" VALUES(115,'west','2023-04-25',1,'Teriyaki noodle',36.5,'cs',1,'F. Kitchen','2023-04-26 03:57:49.594023','2023-04-30 02:09:14.719994','Frozen','');
INSERT INTO "stock_shoppinghistory" VALUES(116,'west','2023-04-25',1,'Harusame',3.5,'p',1,'Noodle','2023-04-26 03:58:13.989203','2023-04-30 02:09:14.735342','Dry','');
INSERT INTO "stock_shoppinghistory" VALUES(117,'west','2023-04-25',1,'Rice noodle',2.04,'p',1,'Noodle','2023-04-26 03:58:44.896052','2023-04-30 02:09:14.739714','Dry','');
INSERT INTO "stock_shoppinghistory" VALUES(118,'west','2023-04-25',1,'Tofu',2.7,'p',1,'Tofu/ Other','2023-04-26 03:59:45.998522','2023-04-30 02:09:14.743770','Dry','');
INSERT INTO "stock_shoppinghistory" VALUES(119,'penticton','2023-04-25',1,'Ginger orosi',28.6,'p',1,'Dry Seasoning','2023-04-26 04:00:45.253312','2023-04-30 02:09:14.747677','Dry','');
INSERT INTO "stock_shoppinghistory" VALUES(120,'west','2023-04-25',1,'Vegan sauce',27.5,'p',1,'Other','2023-04-26 04:01:19.770508','2023-04-30 02:09:14.753664','Dry','');
INSERT INTO "stock_shoppinghistory" VALUES(121,'west','2023-04-25',1,'Ginger orosi',28.6,'p',1,'Dry Seasoning','2023-04-26 04:03:36.690286','2023-04-30 02:09:14.760343','Dry','');
INSERT INTO "stock_shoppinghistory" VALUES(122,'west','2023-04-25',1,'Egg',11,'p',1,'Other','2023-04-26 04:05:56.774186','2023-04-30 02:09:14.766795','Dry','');
INSERT INTO "stock_shoppinghistory" VALUES(123,'penticton','2023-04-25',1,'Soup Cup (12oz) Body',4.6,'p',1,'Cup (Body)','2023-04-26 04:07:10.497592','2023-04-30 02:09:14.771722','Container','');
INSERT INTO "stock_shoppinghistory" VALUES(124,'penticton','2023-04-25',1,'Soup Cup (12oz) Body',4.6,'p',1,'Cup (Body)','2023-04-26 04:07:13.924244','2023-04-30 02:09:14.777889','Container','');
INSERT INTO "stock_shoppinghistory" VALUES(125,'penticton','2023-04-25',1,'Soup Cup (16oz) Body',12.2,'p',2,'Cup (Body)','2023-04-26 04:11:33.787264','2023-04-30 02:09:14.782827','Container','');
INSERT INTO "stock_shoppinghistory" VALUES(126,'west','2023-04-25',1,'To Go Rice Bowl (Body)',33,'p',1,'Other','2023-04-26 04:18:08.474137','2023-04-30 02:09:14.786907','Container','');
INSERT INTO "stock_shoppinghistory" VALUES(127,'penticton','2023-04-25',1,'Soup Cup (16 oz)Lid',11.2,'p',2,'Cup (Lid)','2023-04-26 04:18:36.184658','2023-04-30 02:09:14.791251','Container','');
INSERT INTO "stock_shoppinghistory" VALUES(128,'penticton','2023-04-25',1,'Soy sauce take out',23.1,'cs',1,'Soy Sause','2023-04-26 04:37:27.234284','2023-04-30 02:09:14.795548','Dry','');
INSERT INTO "stock_shoppinghistory" VALUES(129,'penticton','2023-04-25',1,'Cut Tuna',2.9932,'g',69.61,'Tuna','2023-04-26 04:38:21.774716','2023-04-30 02:09:14.800134','Sushi','');
INSERT INTO "stock_shoppinghistory" VALUES(130,'penticton','2023-04-25',1,'Sunonmono Cucumber',4,'p',1,'DU/Other','2023-04-26 04:38:48.792057','2023-04-30 02:09:14.804420','Sushi','');
INSERT INTO "stock_shoppinghistory" VALUES(131,'penticton','2023-04-25',1,'Cut WHOLE salmon',192,'g',6000,'Salmon','2023-04-26 04:39:02.871607','2023-04-30 02:09:14.808611','Sushi','');
INSERT INTO "stock_shoppinghistory" VALUES(132,'penticton','2023-04-25',1,'Sunomono Juice',8,'p',1,'DU/Other','2023-04-26 04:39:07.284655','2023-04-30 02:09:14.812627','Sushi','');
INSERT INTO "stock_shoppinghistory" VALUES(133,'penticton','2023-04-25',1,'Sanpellegrio Orange',7.2,'cs',1,'POP','2023-04-26 04:40:04.968678','2023-04-30 02:09:14.816672','Drinks','');
INSERT INTO "stock_shoppinghistory" VALUES(134,'penticton','2023-04-25',1,'Sapporo beer',17.5,'cs',1,'Alcohol','2023-04-26 04:40:30.432764','2023-04-30 02:09:14.821205','Drinks','');
INSERT INTO "stock_shoppinghistory" VALUES(135,'penticton','2023-04-25',1,'Sapporo beer',17.5,'cs',1,'Alcohol','2023-04-26 04:40:48.195061','2023-04-30 02:09:14.825248','Drinks','');
INSERT INTO "stock_shoppinghistory" VALUES(136,'penticton','2023-04-25',1,'Sauce Cup (1.5/2oz)Body',7.8,'p',3,'Cup (Body)','2023-04-26 04:42:50.706248','2023-04-30 02:09:14.829380','Container','');
INSERT INTO "stock_shoppinghistory" VALUES(137,'penticton','2023-04-25',1,'Sauce Cup (1.5/2oz) Lid',8.7,'p',3,'Cup (Lid)','2023-04-26 04:43:25.204031','2023-04-30 02:09:14.833332','Container','');
INSERT INTO "stock_shoppinghistory" VALUES(138,'penticton','2023-04-25',1,'Soup Cup (12oz) Body',9.2,'p',2,'Cup (Body)','2023-04-26 04:43:57.089245','2023-04-30 02:09:14.837397','Container','');
INSERT INTO "stock_shoppinghistory" VALUES(139,'penticton','2023-04-25',1,'Soup Cup (12oz) Body',9.2,'p',2,'Cup (Body)','2023-04-26 04:44:14.976319','2023-04-30 02:09:14.841439','Container','');
INSERT INTO "stock_shoppinghistory" VALUES(140,'penticton','2023-04-25',1,'Soup Cup (12oz) Lid',11.2,'p',2,'Cup (Lid)','2023-04-26 04:44:36.140889','2023-04-30 02:09:14.845661','Container','');
INSERT INTO "stock_shoppinghistory" VALUES(141,'penticton','2023-04-25',1,'To Go Sushi (Round Medium)Body',12.7,'p',1,'Sushi (Big)','2023-04-26 04:45:56.411645','2023-04-30 02:09:14.850638','Container','');
INSERT INTO "stock_shoppinghistory" VALUES(142,'penticton','2023-04-25',1,'To Go Sushi (Round Medium)Body',12.7,'p',1,'Sushi (Big)','2023-04-26 04:46:00.855876','2023-04-30 02:09:14.854739','Container','');
INSERT INTO "stock_shoppinghistory" VALUES(143,'penticton','2023-04-25',1,'To Go Sushi (Round Medium)Body',12.7,'p',1,'Sushi (Big)','2023-04-26 04:46:04.441299','2023-04-30 02:09:14.858805','Container','');
INSERT INTO "stock_shoppinghistory" VALUES(144,'penticton','2023-04-25',1,'To Go Sushi (Round medium)Lid',9.01,'p',1,'Sushi (Big)','2023-04-26 04:46:19.950085','2023-04-30 02:09:14.862754','Container','');
INSERT INTO "stock_shoppinghistory" VALUES(145,'penticton','2023-04-25',1,'Green Onion(Sushi)',5.8,'g',1,'Veggie','2023-04-26 04:46:27.128313','2023-04-30 02:09:14.866780','Sushi','');
INSERT INTO "stock_shoppinghistory" VALUES(146,'penticton','2023-04-25',1,'Printer roll card',2.4,'p',2,'Office','2023-04-26 04:46:41.679057','2023-04-30 02:09:14.871693','Other','');
INSERT INTO "stock_shoppinghistory" VALUES(147,'penticton','2023-04-25',1,'Sushi rice',85,'p',5,'DU/Other','2023-04-26 04:46:49.802847','2023-04-30 02:09:14.877362','Sushi','');
INSERT INTO "stock_shoppinghistory" VALUES(148,'penticton','2023-04-25',1,'Imitation Crab',35.4,'p',3,'DU/Other','2023-04-26 04:47:12.592553','2023-04-30 02:09:14.883583','Sushi','');
INSERT INTO "stock_shoppinghistory" VALUES(149,'penticton','2023-04-25',1,'Cream cheese',12,'p',2,'Tofu/ Other','2023-04-26 04:48:32.443846','2023-04-30 02:09:14.888440','Dry','');
INSERT INTO "stock_shoppinghistory" VALUES(150,'penticton','2023-04-25',1,'Gas bottlie',5.8,'p',1,'Other','2023-04-26 04:56:03.924780','2023-04-30 02:09:14.895003','Other','');
INSERT INTO "stock_shoppinghistory" VALUES(151,'penticton','2023-04-25',1,'To Go Sushi (Square)lid',21.35,'cs',1,'Bag','2023-04-26 05:19:31.847284','2023-04-30 02:09:14.899613','Other','');
INSERT INTO "stock_shoppinghistory" VALUES(152,'penticton','2023-04-25',1,'Cucumber（Poke）',5,'g',1,'Veggie','2023-04-26 22:50:57.456032','2023-04-30 02:09:14.903775','Sushi','');
INSERT INTO "stock_shoppinghistory" VALUES(153,'penticton','2023-04-25',1,'Avocado',96,'g',1,'Veggie','2023-04-26 22:51:16.856975','2023-04-30 02:09:14.910187','Sushi','');
INSERT INTO "stock_shoppinghistory" VALUES(154,'west','2023-04-26',1,'Frozen tuna box',14.3,'lb',22,'Tuna','2023-04-27 03:33:17.373416','2023-04-30 02:09:14.915108','Sushi','');
INSERT INTO "stock_shoppinghistory" VALUES(155,'west','2023-04-26',1,'Frozen WHOLE salmon',0.0508,'g',5179,'Salmon','2023-04-27 03:33:54.681141','2023-04-30 02:09:14.919073','Sushi','');
INSERT INTO "stock_shoppinghistory" VALUES(156,'west','2023-04-26',1,'Cucumber(sushi)',15.8,'g',2,'Veggie','2023-04-27 03:34:48.473964','2023-04-30 02:09:14.923473','Sushi','');
INSERT INTO "stock_shoppinghistory" VALUES(157,'west','2023-04-26',1,'Sushi rice',51,'p',3,'DU/Other','2023-04-27 03:35:33.745073','2023-04-30 02:09:14.927728','Sushi','');
INSERT INTO "stock_shoppinghistory" VALUES(158,'west','2023-04-26',1,'White Poke',52.8,'p',1,'Sushi Sause','2023-04-27 03:36:45.581792','2023-04-30 02:09:14.932239','Sushi','');
INSERT INTO "stock_shoppinghistory" VALUES(159,'west','2023-04-26',1,'Green Onion(Ramen)',5.8,'p',1,'Veggie','2023-04-27 03:37:26.866030','2023-04-30 02:09:14.938482','Kitchen','');
INSERT INTO "stock_shoppinghistory" VALUES(160,'west','2023-04-26',1,'Shiraga Onion',11,'p',1,'Veggie','2023-04-27 03:38:27.549729','2023-04-30 02:09:14.943826','Kitchen','');
INSERT INTO "stock_shoppinghistory" VALUES(161,'penticton','2023-04-26',1,'Lemon slice',6,'p',1,'DU/Other','2023-04-27 03:38:35.943656','2023-04-30 02:09:14.948202','Sushi','');
INSERT INTO "stock_shoppinghistory" VALUES(162,'west','2023-04-26',1,'Mayonaise',19.8,'p',2,'Sushi Sause','2023-04-27 03:38:43.301458','2023-04-30 02:09:14.952607','Sushi','');
INSERT INTO "stock_shoppinghistory" VALUES(163,'penticton','2023-04-26',1,'Sunonmono Cucumber',4,'p',1,'DU/Other','2023-04-27 03:38:57.676137','2023-04-30 02:09:14.956610','Sushi','');
INSERT INTO "stock_shoppinghistory" VALUES(164,'west','2023-04-26',1,'Raw Karaage',47.5,'p',1,'Meat','2023-04-27 03:39:03.443735','2023-04-30 02:09:14.960432','Kitchen','');
INSERT INTO "stock_shoppinghistory" VALUES(165,'penticton','2023-04-26',1,'Green tea',33,'p',1,'Tea','2023-04-27 03:40:13.263388','2023-04-30 02:09:14.964232','Kitchen','');
INSERT INTO "stock_shoppinghistory" VALUES(166,'penticton','2023-04-26',1,'Wasabi paste',25,'p',1,'Soy Sause','2023-04-27 03:40:13.291178','2023-04-30 02:09:14.967926','Dry','');
INSERT INTO "stock_shoppinghistory" VALUES(167,'penticton','2023-04-26',1,'Soy sauce less sodium',7.1,'p',1,'Soy Sause','2023-04-27 03:40:13.302519','2023-04-30 02:09:14.972400','Dry','');
INSERT INTO "stock_shoppinghistory" VALUES(168,'penticton','2023-04-26',1,'Sanpellegrio Orange',7.2,'cs',1,'POP','2023-04-27 03:41:17.112648','2023-04-30 02:09:14.977567','Drinks','');
INSERT INTO "stock_shoppinghistory" VALUES(170,'penticton','2023-04-26',1,'Sanpellegrio Lemon',7.2,'cs',1,'POP','2023-04-27 03:42:27.345953','2023-04-30 02:09:14.981822','Drinks','');
INSERT INTO "stock_shoppinghistory" VALUES(171,'west','2023-04-26',1,'Raw Teriyaki chicken',48,'p',1,'Meat','2023-04-27 03:43:05.095933','2023-04-30 02:09:14.985820','Kitchen','');
INSERT INTO "stock_shoppinghistory" VALUES(172,'west','2023-04-26',1,'Chicken soup',47.6,'p',2,'Sauce/Soup','2023-04-27 03:44:22.311498','2023-04-30 02:09:14.990120','Kitchen','');
INSERT INTO "stock_shoppinghistory" VALUES(173,'west','2023-04-26',1,'Soy sauce take out',23.1,'cs',1,'Soy Sause','2023-04-27 03:44:27.015838','2023-04-30 02:09:14.994124','Dry','');
INSERT INTO "stock_shoppinghistory" VALUES(174,'penticton','2023-04-26',1,'COKE Zero',46,'cs',1,'POP','2023-04-27 03:44:32.738406','2023-04-30 02:09:14.997963','Drinks','');
INSERT INTO "stock_shoppinghistory" VALUES(175,'penticton','2023-04-26',1,'Canada Dry',46,'cs',1,'POP','2023-04-27 03:45:41.128288','2023-04-30 02:09:15.002551','Drinks','');
INSERT INTO "stock_shoppinghistory" VALUES(176,'penticton','2023-04-26',1,'Sapporo beer',17.5,'cs',1,'Alcohol','2023-04-27 03:45:41.154612','2023-04-30 02:09:15.006911','Drinks','');
INSERT INTO "stock_shoppinghistory" VALUES(177,'penticton','2023-04-26',1,'Sleeman Honey Lager',15.6,'cs',1,'Alcohol','2023-04-27 03:45:41.163663','2023-04-30 02:09:15.011070','Drinks','');
INSERT INTO "stock_shoppinghistory" VALUES(178,'west','2023-04-26',1,'Sapporo beer',17.5,'cs',1,'Alcohol','2023-04-27 03:45:43.499695','2023-04-30 02:09:15.015086','Drinks','');
INSERT INTO "stock_shoppinghistory" VALUES(179,'west','2023-04-26',1,'Curry sauce',17.2,'p',1,'Sauce/Soup','2023-04-27 03:47:03.418582','2023-04-30 02:09:15.019350','Kitchen','');
INSERT INTO "stock_shoppinghistory" VALUES(180,'penticton','2023-04-26',1,'Sauce Cup (8oz) Lid',11,'p',1,'Cup (Lid)','2023-04-27 03:47:03.652052','2023-04-30 02:09:15.024366','Container','');
INSERT INTO "stock_shoppinghistory" VALUES(181,'penticton','2023-04-26',1,'Soup Cup (12oz) Lid',5.6,'p',1,'Cup (Lid)','2023-04-27 03:47:03.672858','2023-04-30 02:09:15.029825','Container','');
INSERT INTO "stock_shoppinghistory" VALUES(182,'penticton','2023-04-26',1,'Chop Sticks',3.5,'p',1,'TO GO','2023-04-27 03:47:03.864349','2023-04-30 02:09:15.034432','Other','');
INSERT INTO "stock_shoppinghistory" VALUES(183,'penticton','2023-04-26',1,'Duster',7.2,'p',1,'Daily','2023-04-27 03:48:12.151273','2023-04-30 02:09:15.038671','Other','');
INSERT INTO "stock_shoppinghistory" VALUES(184,'west','2023-04-26',1,'White wine',21.6,'p',1,'Alcohol','2023-04-27 03:48:18.474324','2023-04-30 02:09:15.042515','Drinks','');
INSERT INTO "stock_shoppinghistory" VALUES(185,'west','2023-04-26',1,'Gyouza Sauce',6,'p',1,'Sauce/Soup','2023-04-27 03:48:23.119147','2023-04-30 02:09:15.046586','Kitchen','');
INSERT INTO "stock_shoppinghistory" VALUES(186,'west','2023-04-26',1,'Sauce Cup (1.5/2oz)Body',2.6,'p',1,'Cup (Body)','2023-04-27 03:49:01.489468','2023-04-30 02:09:15.051061','Container','');
INSERT INTO "stock_shoppinghistory" VALUES(187,'west','2023-04-26',1,'Sauce Cup (1.5/2oz) Lid',2.9,'p',1,'Cup (Lid)','2023-04-27 03:49:49.999087','2023-04-30 02:09:15.054968','Container','');
INSERT INTO "stock_shoppinghistory" VALUES(188,'west','2023-04-26',1,'Shrimp Tempura',105.6,'p',8,'F. Kitchen','2023-04-27 03:49:50.029202','2023-04-30 02:09:15.064134','Frozen','');
INSERT INTO "stock_shoppinghistory" VALUES(189,'west','2023-04-26',1,'Printer roll',2,'p',1,'Office','2023-04-27 03:50:19.786642','2023-04-30 02:09:15.068263','Other','');
INSERT INTO "stock_shoppinghistory" VALUES(190,'west','2023-04-26',1,'Edamame',6.3,'p',3,'F. Kitchen','2023-04-27 03:50:59.689699','2023-04-30 02:09:15.072835','Frozen','');
INSERT INTO "stock_shoppinghistory" VALUES(191,'west','2023-04-26',1,'Printer roll card',1.2,'p',1,'Office','2023-04-27 03:51:02.673407','2023-04-30 02:09:15.076975','Other','');
INSERT INTO "stock_shoppinghistory" VALUES(192,'west','2023-04-26',1,'Ramen noodle',40.8,'cs',1,'F. Kitchen','2023-04-27 03:51:29.611174','2023-04-30 02:09:15.081270','Frozen','');
INSERT INTO "stock_shoppinghistory" VALUES(193,'west','2023-04-26',1,'Cornstarch',12,'p',1,'Flour/ Other','2023-04-27 03:51:45.746540','2023-04-30 02:09:15.085357','Dry','');
INSERT INTO "stock_shoppinghistory" VALUES(194,'west','2023-04-26',1,'smoked tofu',13.5,'p',3,'Tofu/ Other','2023-04-27 03:52:02.519607','2023-04-30 02:09:15.089141','Dry','');
INSERT INTO "stock_shoppinghistory" VALUES(195,'west','2023-04-26',1,'Tofu',3.67,'p',1,'Kojiya','2023-04-27 03:52:18.233473','2023-04-30 02:09:15.092860','Kitchen','');
INSERT INTO "stock_shoppinghistory" VALUES(196,'west','2023-04-26',1,'Canola OIL',48.4,'p',1,'Other','2023-04-27 03:52:38.721797','2023-04-30 02:09:15.097170','Dry','');
INSERT INTO "stock_shoppinghistory" VALUES(197,'west','2023-04-26',1,'Soup Cup (16oz) Body',6.1,'p',1,'Cup (Body)','2023-04-27 03:52:55.899251','2023-04-30 02:09:15.101360','Container','');
INSERT INTO "stock_shoppinghistory" VALUES(198,'west','2023-04-26',1,'To Go Ra-men (Body)',15,'p',1,'Other','2023-04-27 03:53:32.506375','2023-04-30 02:09:15.106028','Container','');
INSERT INTO "stock_shoppinghistory" VALUES(199,'west','2023-04-26',1,'Soup Cup (16 oz)Lid',5.6,'p',1,'Cup (Lid)','2023-04-27 03:54:14.088258','2023-04-30 02:09:15.110672','Container','');
INSERT INTO "stock_shoppinghistory" VALUES(200,'west','2023-04-26',1,'Soup Cup (16 oz)Lid',5.6,'p',1,'Cup (Lid)','2023-04-27 03:54:17.582992','2023-04-30 02:09:15.116531','Container','');
INSERT INTO "stock_shoppinghistory" VALUES(201,'west','2023-04-26',1,'To Go Ra-men (Lid)',12,'p',1,'Other','2023-04-27 03:54:59.078133','2023-04-30 02:09:15.122120','Container','');
INSERT INTO "stock_shoppinghistory" VALUES(202,'west','2023-04-26',1,'Kitchen Paper',2.16,'p',1,'Daily','2023-04-27 03:55:52.682291','2023-04-30 02:09:15.126369','Other','');
INSERT INTO "stock_shoppinghistory" VALUES(203,'penticton','2023-04-26',1,'Cucumber(sushi)',23.7,'g',3,'Veggie','2023-04-27 04:37:11.426113','2023-04-30 02:09:15.130701','Sushi','');
INSERT INTO "stock_shoppinghistory" VALUES(204,'penticton','2023-04-26',1,'Sushi rice',102,'p',6,'DU/Other','2023-04-27 04:37:24.601333','2023-04-30 02:09:15.134923','Sushi','');
INSERT INTO "stock_shoppinghistory" VALUES(205,'penticton','2023-04-26',1,'Sushi rice',102,'p',6,'DU/Other','2023-04-27 04:37:25.132664','2023-04-30 02:09:15.139204','Sushi','');
INSERT INTO "stock_shoppinghistory" VALUES(206,'penticton','2023-04-26',1,'Imitation Crab',23.6,'p',2,'DU/Other','2023-04-27 04:37:40.691238','2023-04-30 02:09:15.143633','Sushi','');
INSERT INTO "stock_shoppinghistory" VALUES(207,'penticton','2023-04-26',1,'Sushi shrimp',16,'p',1,'F. Sushi','2023-04-27 04:38:13.062347','2023-04-30 02:09:15.149622','Frozen','');
INSERT INTO "stock_shoppinghistory" VALUES(208,'penticton','2023-04-26',1,'Sasanoha',14.4,'p',1,'Other','2023-04-27 04:39:20.080371','2023-04-30 02:09:15.154641','Dry','');
INSERT INTO "stock_shoppinghistory" VALUES(209,'penticton','2023-04-26',1,'Shiitake mushroom',8,'p',1,'KOYA','2023-04-27 04:41:57.950474','2023-04-30 02:09:15.158926','Sushi','');
INSERT INTO "stock_shoppinghistory" VALUES(210,'penticton','2023-04-26',1,'Fried Karaage',112.4,'p',2,'KOYA','2023-04-27 04:42:46.276624','2023-04-30 02:09:15.163308','Sushi','');
INSERT INTO "stock_shoppinghistory" VALUES(211,'penticton','2023-04-26',1,'Tempura Yam',25.6,'g',1,'KOYA','2023-04-27 04:43:03.920606','2023-04-30 02:09:15.167267','Sushi','');
INSERT INTO "stock_shoppinghistory" VALUES(212,'penticton','2023-04-26',1,'Fried onion',12.5,'g',1,'KOYA','2023-04-27 04:43:24.867508','2023-04-30 02:09:15.171428','Sushi','');
INSERT INTO "stock_shoppinghistory" VALUES(213,'penticton','2023-04-26',1,'Rice',11.3,'p',1,'DU/Other','2023-04-27 04:43:53.540891','2023-04-30 02:09:15.175571','Sushi','');
INSERT INTO "stock_shoppinghistory" VALUES(214,'penticton','2023-04-26',1,'Shiraga Onion',11,'p',1,'Veggie','2023-04-27 04:45:20.423287','2023-04-30 02:09:15.179944','Kitchen','');
INSERT INTO "stock_shoppinghistory" VALUES(215,'penticton','2023-04-26',1,'Raw Teriyaki chicken',192,'p',4,'Meat','2023-04-27 04:45:55.926473','2023-04-30 02:09:15.185107','Kitchen','');
INSERT INTO "stock_shoppinghistory" VALUES(216,'penticton','2023-04-26',1,'Chicken soup',47.6,'p',2,'Sauce/Soup','2023-04-27 04:46:38.565675','2023-04-30 02:09:15.189468','Kitchen','');
INSERT INTO "stock_shoppinghistory" VALUES(217,'penticton','2023-04-26',1,'Curry sauce',17.2,'p',1,'Sauce/Soup','2023-04-27 04:47:07.864974','2023-04-30 02:09:15.193998','Kitchen','');
INSERT INTO "stock_shoppinghistory" VALUES(218,'penticton','2023-04-26',1,'Teriyaki Sauce',15,'p',1,'Sauce/Soup','2023-04-27 04:47:36.650033','2023-04-30 02:09:15.199666','Kitchen','');
INSERT INTO "stock_shoppinghistory" VALUES(219,'penticton','2023-04-26',1,'Miso Ramen Sauce',61,'p',1,'Sauce/Soup','2023-04-27 04:48:09.033447','2023-04-30 02:09:15.206573','Kitchen','');
INSERT INTO "stock_shoppinghistory" VALUES(220,'penticton','2023-04-26',1,'Frozen tuna box',14.3,'lb',1,'Tuna','2023-04-27 04:48:28.480949','2023-04-30 02:09:15.211106','Sushi','');
INSERT INTO "stock_shoppinghistory" VALUES(221,'penticton','2023-04-26',1,'Seafood mix',24,'p',1,'Other','2023-04-27 04:48:50.595600','2023-04-30 02:09:15.215742','Kitchen','');
INSERT INTO "stock_shoppinghistory" VALUES(222,'penticton','2023-04-26',1,'Shrimp Tempura',158.4,'p',12,'F. Kitchen','2023-04-27 04:49:17.650170','2023-04-30 02:09:15.220221','Frozen','');
INSERT INTO "stock_shoppinghistory" VALUES(223,'penticton','2023-04-26',1,'Gyoza',71.5,'p',1,'F. Kitchen','2023-04-27 04:49:40.655337','2023-04-30 02:09:15.224311','Frozen','');
INSERT INTO "stock_shoppinghistory" VALUES(224,'penticton','2023-04-26',1,'Ramen noodle',40.8,'cs',1,'F. Kitchen','2023-04-27 04:50:11.373140','2023-04-30 02:09:15.229276','Frozen','');
INSERT INTO "stock_shoppinghistory" VALUES(225,'penticton','2023-04-26',1,'Harusame',7,'p',2,'Noodle','2023-04-27 04:50:38.049243','2023-04-30 02:09:15.233404','Dry','');
INSERT INTO "stock_shoppinghistory" VALUES(226,'penticton','2023-04-26',1,'Rice noodle',2.04,'p',1,'Noodle','2023-04-27 04:50:54.510877','2023-04-30 02:09:15.237692','Dry','');
INSERT INTO "stock_shoppinghistory" VALUES(227,'penticton','2023-04-26',1,'Tempura powder',42.9,'p',1,'Flour/ Other','2023-04-27 04:51:14.290553','2023-04-30 02:09:15.241887','Dry','');
INSERT INTO "stock_shoppinghistory" VALUES(228,'penticton','2023-04-26',1,'smoked tofu',9,'p',2,'Tofu/ Other','2023-04-27 04:51:36.694093','2023-04-30 02:09:15.246151','Dry','');
INSERT INTO "stock_shoppinghistory" VALUES(229,'penticton','2023-04-26',1,'Vegan sauce',27.5,'p',1,'Other','2023-04-27 04:51:55.304408','2023-04-30 02:09:15.250259','Dry','');
INSERT INTO "stock_shoppinghistory" VALUES(230,'penticton','2023-04-26',1,'Soup Cup (16oz) Body',6.1,'p',1,'Cup (Body)','2023-04-27 04:52:19.958136','2023-04-30 02:09:15.254282','Container','');
INSERT INTO "stock_shoppinghistory" VALUES(231,'penticton','2023-04-26',1,'To Go Rice Bowl (Body)',33,'p',1,'Other','2023-04-27 04:52:34.961508','2023-04-30 02:09:15.258878','Container','');
INSERT INTO "stock_shoppinghistory" VALUES(232,'penticton','2023-04-26',1,'Kitchen Paper',2.16,'p',1,'Daily','2023-04-27 04:52:57.646210','2023-04-30 02:09:15.263171','Other','');
INSERT INTO "stock_shoppinghistory" VALUES(233,'penticton','2023-04-26',1,'Printer roll(kitchen)',2,'p',1,'Office','2023-04-27 04:53:15.050727','2023-04-30 02:09:15.267297','Other','');
INSERT INTO "stock_shoppinghistory" VALUES(234,'penticton','2023-04-26',1,'W,Onion',0,'g',0,'Veggie','2023-04-27 06:25:09.336108','2023-04-30 02:09:15.271492','Sushi','');
INSERT INTO "stock_shoppinghistory" VALUES(235,'west','2023-04-26',1,'Beansprout',19,'p',4.5,'Veggie','2023-04-27 18:34:20.286125','2023-04-30 02:09:15.275506','Kitchen','');
INSERT INTO "stock_shoppinghistory" VALUES(236,'west','2023-04-27',1,'Fried onion',12.5,'g',1,'KOYA','2023-04-28 03:55:04.365850','2023-04-30 02:09:15.282038','Sushi','');
INSERT INTO "stock_shoppinghistory" VALUES(237,'west','2023-04-27',1,'Rice',11.3,'p',1,'DU/Other','2023-04-28 03:57:06.449456','2023-04-30 02:09:15.287067','Sushi','');
INSERT INTO "stock_shoppinghistory" VALUES(238,'west','2023-04-27',1,'Mix Veggie',15,'p',1,'Veggie','2023-04-28 03:57:28.114782','2023-04-30 02:09:15.291260','Kitchen','');
INSERT INTO "stock_shoppinghistory" VALUES(239,'west','2023-04-27',1,'Green Onion(Ramen)',5.8,'p',1,'Veggie','2023-04-28 03:57:53.965641','2023-04-30 02:09:15.295762','Kitchen','');
INSERT INTO "stock_shoppinghistory" VALUES(240,'west','2023-04-27',1,'Yam',20,'p',1,'Veggie','2023-04-28 03:59:43.786275','2023-04-30 02:09:15.300007','Kitchen','');
INSERT INTO "stock_shoppinghistory" VALUES(241,'west','2023-04-27',1,'Mix leaf',13.2,'p',1,'Veggie','2023-04-28 04:00:14.920370','2023-04-30 02:09:15.304434','Kitchen','');
INSERT INTO "stock_shoppinghistory" VALUES(242,'west','2023-04-27',1,'Beansprout',19,'p',1,'Veggie','2023-04-28 04:01:31.768207','2023-04-30 02:09:15.308705','Kitchen','');
INSERT INTO "stock_shoppinghistory" VALUES(243,'west','2023-04-27',1,'Raw Karaage',95,'p',2,'Meat','2023-04-28 04:01:50.553135','2023-04-30 02:09:15.313025','Kitchen','');
INSERT INTO "stock_shoppinghistory" VALUES(244,'west','2023-04-27',1,'Raw Teriyaki chicken',48,'p',1,'Meat','2023-04-28 04:02:23.302473','2023-04-30 02:09:15.317017','Kitchen','');
INSERT INTO "stock_shoppinghistory" VALUES(245,'west','2023-04-27',1,'Chicken soup',47.6,'p',2,'Sauce/Soup','2023-04-28 04:02:43.702426','2023-04-30 02:09:15.321139','Kitchen','');
INSERT INTO "stock_shoppinghistory" VALUES(246,'west','2023-04-27',1,'Teriyaki Sauce',15,'p',1,'Sauce/Soup','2023-04-28 04:03:36.406130','2023-04-30 02:09:15.325217','Kitchen','');
INSERT INTO "stock_shoppinghistory" VALUES(247,'west','2023-04-27',1,'Sauce Cup (1.5/2oz)Body',5.2,'p',2,'Cup (Body)','2023-04-28 04:03:36.464627','2023-04-30 02:09:15.329403','Container','');
INSERT INTO "stock_shoppinghistory" VALUES(248,'west','2023-04-27',1,'Sauce Cup (1.5/2oz) Lid',5.8,'p',2,'Cup (Lid)','2023-04-28 04:04:17.860744','2023-04-30 02:09:15.333631','Container','');
INSERT INTO "stock_shoppinghistory" VALUES(249,'west','2023-04-27',1,'Frozen WHOLE salmon',67.23,'g',2567,'Salmon','2023-04-28 04:04:17.885176','2023-04-30 02:09:15.337833','Sushi','');
INSERT INTO "stock_shoppinghistory" VALUES(250,'west','2023-04-27',1,'Miso Ramen Sauce',61,'p',1,'Sauce/Soup','2023-04-28 04:04:54.486584','2023-04-30 02:09:15.341888','Kitchen','');
INSERT INTO "stock_shoppinghistory" VALUES(251,'west','2023-04-27',1,'Printer roll',2,'p',1,'Office','2023-04-28 04:05:23.660610','2023-04-30 02:09:15.346145','Other','');
INSERT INTO "stock_shoppinghistory" VALUES(252,'west','2023-04-27',1,'Printer roll card',1.2,'p',1,'Office','2023-04-28 04:05:57.233773','2023-04-30 02:09:15.350322','Other','');
INSERT INTO "stock_shoppinghistory" VALUES(253,'west','2023-04-27',1,'Shrimp Tempura',44,'p',5,'F. Kitchen','2023-04-28 04:06:01.919947','2023-04-30 02:09:15.354439','Frozen','');
INSERT INTO "stock_shoppinghistory" VALUES(254,'west','2023-04-27',1,'Edamame',8.4,'p',4,'F. Kitchen','2023-04-28 04:06:23.821774','2023-04-30 02:09:15.359022','Frozen','');
INSERT INTO "stock_shoppinghistory" VALUES(255,'west','2023-04-27',1,'Ramen noodle',40.8,'cs',1,'F. Kitchen','2023-04-28 04:06:55.591024','2023-04-30 02:09:15.362869','Frozen','');
INSERT INTO "stock_shoppinghistory" VALUES(256,'west','2023-04-27',1,'Harusame',3.5,'p',1,'Noodle','2023-04-28 04:07:23.655305','2023-04-30 02:09:15.367006','Dry','');
INSERT INTO "stock_shoppinghistory" VALUES(257,'west','2023-04-27',1,'Rice noodle',2.04,'p',1,'Noodle','2023-04-28 04:07:41.904725','2023-04-30 02:09:15.373394','Dry','');
INSERT INTO "stock_shoppinghistory" VALUES(258,'west','2023-04-27',1,'smoked tofu',9,'p',2,'Tofu/ Other','2023-04-28 04:07:57.673603','2023-04-30 02:09:15.378201','Dry','');
INSERT INTO "stock_shoppinghistory" VALUES(259,'west','2023-04-27',1,'Tofu',3.67,'p',1,'Kojiya','2023-04-28 04:08:12.147967','2023-04-30 02:09:15.382505','Kitchen','');
INSERT INTO "stock_shoppinghistory" VALUES(260,'west','2023-04-27',1,'Canola OIL',48.4,'p',1,'Other','2023-04-28 04:08:26.175178','2023-04-30 02:09:15.386656','Dry','');
INSERT INTO "stock_shoppinghistory" VALUES(261,'penticton','2023-04-27',1,'Avocado',96,'cs',1,'Veggie','2023-04-28 04:08:57.789785','2023-04-30 02:09:15.390819','Sushi','');
INSERT INTO "stock_shoppinghistory" VALUES(262,'west','2023-04-27',1,'Vegan sauce',27.5,'p',1,'Other','2023-04-28 04:10:06.491173','2023-04-30 02:09:15.395311','Dry','');
INSERT INTO "stock_shoppinghistory" VALUES(263,'penticton','2023-04-27',1,'Fried Karaage',168.6,'p',3,'KOYA','2023-04-28 04:10:11.209030','2023-04-30 02:09:15.401551','Sushi','');
INSERT INTO "stock_shoppinghistory" VALUES(264,'west','2023-04-27',1,'Cucumber(sushi)',23.7,'g',3,'Veggie','2023-04-28 04:10:11.222726','2023-04-30 02:09:15.406362','Sushi','');
INSERT INTO "stock_shoppinghistory" VALUES(265,'west','2023-04-27',1,'Egg',11,'p',1,'Other','2023-04-28 04:11:01.558637','2023-04-30 02:09:15.410548','Dry','');
INSERT INTO "stock_shoppinghistory" VALUES(266,'west','2023-04-27',1,'Lettuce(Poke)',10,'g',1,'Veggie','2023-04-28 04:11:15.142830','2023-04-30 02:09:15.415222','Sushi','');
INSERT INTO "stock_shoppinghistory" VALUES(267,'west','2023-04-27',1,'Soup Cup (12oz) Body',4.6,'p',1,'Cup (Body)','2023-04-28 04:11:31.877190','2023-04-30 02:09:15.419578','Container','');
INSERT INTO "stock_shoppinghistory" VALUES(268,'west','2023-04-27',1,'Soup Cup (16oz) Body',6.1,'p',1,'Cup (Body)','2023-04-28 04:11:48.973463','2023-04-30 02:09:15.423739','Container','');
INSERT INTO "stock_shoppinghistory" VALUES(269,'west','2023-04-27',1,'Cucumber（Poke）',5,'p',1,'Veggie','2023-04-28 04:12:26.641907','2023-04-30 02:09:15.428019','Sushi','');
INSERT INTO "stock_shoppinghistory" VALUES(270,'west','2023-04-27',1,'Soup Cup (16 oz)Lid',5.6,'p',1,'Cup (Lid)','2023-04-28 04:12:32.677795','2023-04-30 02:09:15.432455','Container','');
INSERT INTO "stock_shoppinghistory" VALUES(271,'west','2023-04-27',1,'Kitchen Paper',2.16,'p',1,'Daily','2023-04-28 04:12:49.298348','2023-04-30 02:09:15.437512','Other','');
INSERT INTO "stock_shoppinghistory" VALUES(272,'west','2023-04-27',1,'Sushi rice',85,'p',5,'DU/Other','2023-04-28 04:12:54.222887','2023-04-30 02:09:15.442002','Sushi','');
INSERT INTO "stock_shoppinghistory" VALUES(273,'west','2023-04-27',1,'Pickled carrots',9,'p',1,'DU/Other','2023-04-28 04:13:17.369982','2023-04-30 02:09:15.446161','Sushi','');
INSERT INTO "stock_shoppinghistory" VALUES(274,'west','2023-04-27',1,'Gloves（Vinyl）Medium',15.6,'p',1,'Daily','2023-04-28 04:13:21.901616','2023-04-30 02:09:15.450486','Other','');
INSERT INTO "stock_shoppinghistory" VALUES(275,'west','2023-04-27',1,'Imitation Crab',23.6,'p',2,'DU/Other','2023-04-28 04:13:36.156604','2023-04-30 02:09:15.454661','Sushi','');
INSERT INTO "stock_shoppinghistory" VALUES(276,'west','2023-04-27',1,'Mayonaise',19.8,'p',2,'Sushi Sause','2023-04-28 04:14:05.755159','2023-04-30 02:09:15.459267','Sushi','');
INSERT INTO "stock_shoppinghistory" VALUES(277,'west','2023-04-27',1,'Sushi shrimp',16,'p',1,'F. Sushi','2023-04-28 04:14:53.449257','2023-04-30 02:09:15.463313','Frozen','');
INSERT INTO "stock_shoppinghistory" VALUES(278,'west','2023-04-27',1,'Nori(half)',17.6,'p',1,'Nori/ Other','2023-04-28 04:15:20.004713','2023-04-30 02:09:15.467459','Dry','');
INSERT INTO "stock_shoppinghistory" VALUES(279,'west','2023-04-27',1,'Cream cheese',6,'p',1,'Tofu/ Other','2023-04-28 04:15:37.266655','2023-04-30 02:09:15.471736','Dry','');
INSERT INTO "stock_shoppinghistory" VALUES(280,'penticton','2023-04-27',1,'Cut Tuna',157.165,'g',3655,'Tuna','2023-04-28 04:22:24.950384','2023-04-30 02:09:15.475921','Sushi','');
INSERT INTO "stock_shoppinghistory" VALUES(281,'penticton','2023-04-27',1,'Cut WHOLE salmon',285.58,'g',10900,'Salmon','2023-04-28 04:22:41.034132','2023-04-30 02:09:15.480518','Sushi','');
INSERT INTO "stock_shoppinghistory" VALUES(282,'penticton','2023-04-27',1,'Avocado',4608,'cs',1,'Veggie','2023-04-28 04:22:52.252394','2023-04-30 02:09:15.484712','Sushi','');
INSERT INTO "stock_shoppinghistory" VALUES(283,'penticton','2023-04-27',1,'Cucumber(sushi)',63.2,'g',8,'Veggie','2023-04-28 04:23:04.177364','2023-04-30 02:09:15.489236','Sushi','');
INSERT INTO "stock_shoppinghistory" VALUES(284,'penticton','2023-04-27',1,'Lettuce(Poke)',30,'g',3,'Veggie','2023-04-28 04:23:20.370562','2023-04-30 02:09:15.493804','Sushi','');
INSERT INTO "stock_shoppinghistory" VALUES(285,'penticton','2023-04-27',1,'Cucumber（Poke）',5,'p',1,'Veggie','2023-04-28 04:23:31.165931','2023-04-30 02:09:15.497951','Sushi','');
INSERT INTO "stock_shoppinghistory" VALUES(286,'penticton','2023-04-27',1,'W,Onion',3.2,'g',1,'Veggie','2023-04-28 04:23:47.147825','2023-04-30 02:09:15.502289','Sushi','');
INSERT INTO "stock_shoppinghistory" VALUES(287,'penticton','2023-04-27',1,'Green Onion(Sushi)',5.8,'g',1,'Veggie','2023-04-28 04:24:00.952818','2023-04-30 02:09:15.506452','Sushi','');
INSERT INTO "stock_shoppinghistory" VALUES(288,'penticton','2023-04-27',1,'Sushi rice',204,'p',12,'DU/Other','2023-04-28 04:24:35.113118','2023-04-30 02:09:15.510531','Sushi','');
INSERT INTO "stock_shoppinghistory" VALUES(289,'penticton','2023-04-27',1,'Imitation Crab',59,'p',5,'DU/Other','2023-04-28 04:24:51.886724','2023-04-30 02:09:15.515002','Sushi','');
INSERT INTO "stock_shoppinghistory" VALUES(290,'penticton','2023-04-27',1,'Tuna Poke',48,'p',1,'Sushi Sause','2023-04-28 04:25:06.359435','2023-04-30 02:09:15.519416','Sushi','');
INSERT INTO "stock_shoppinghistory" VALUES(291,'penticton','2023-04-27',1,'White Poke',52.8,'p',1,'Sushi Sause','2023-04-28 04:25:21.437307','2023-04-30 02:09:15.524027','Sushi','');
INSERT INTO "stock_shoppinghistory" VALUES(292,'penticton','2023-04-27',1,'Spicy Mayo',31.2,'p',1,'Sushi Sause','2023-04-28 04:25:48.614427','2023-04-30 02:09:15.528330','Sushi','');
INSERT INTO "stock_shoppinghistory" VALUES(293,'penticton','2023-04-27',1,'Sushi shrimp',16,'p',1,'F. Sushi','2023-04-28 04:26:26.952326','2023-04-30 02:09:15.532483','Frozen','');
INSERT INTO "stock_shoppinghistory" VALUES(294,'penticton','2023-04-27',1,'Nori(full)',17.6,'p',1,'Nori/ Other','2023-04-28 04:26:55.628646','2023-04-30 02:09:15.536899','Dry','');
INSERT INTO "stock_shoppinghistory" VALUES(295,'penticton','2023-04-27',1,'Nori(half)',52.8,'p',3,'Nori/ Other','2023-04-28 04:27:09.894992','2023-04-30 02:09:15.542018','Dry','');
INSERT INTO "stock_shoppinghistory" VALUES(296,'penticton','2023-04-27',1,'Cream cheese',6,'p',1,'Tofu/ Other','2023-04-28 04:27:45.805177','2023-04-30 02:09:15.546878','Dry','');
INSERT INTO "stock_shoppinghistory" VALUES(297,'penticton','2023-04-27',1,'Tempura Yam',38.4,'g',1.5,'KOYA','2023-04-28 04:33:46.669437','2023-04-30 02:09:15.551702','Sushi','');
INSERT INTO "stock_shoppinghistory" VALUES(298,'penticton','2023-04-27',1,'Fried onion',12.5,'g',1,'KOYA','2023-04-28 04:34:08.483260','2023-04-30 02:09:15.556045','Sushi','');
INSERT INTO "stock_shoppinghistory" VALUES(299,'penticton','2023-04-27',1,'Rice',11.3,'p',1,'DU/Other','2023-04-28 04:34:45.872871','2023-04-30 02:09:15.560280','Sushi','');
INSERT INTO "stock_shoppinghistory" VALUES(300,'penticton','2023-04-27',1,'Mix Veggie',30,'p',2,'Veggie','2023-04-28 04:35:07.968354','2023-04-30 02:09:15.564961','Kitchen','');
INSERT INTO "stock_shoppinghistory" VALUES(301,'penticton','2023-04-27',1,'Green Onion(Ramen)',11.6,'p',2,'Veggie','2023-04-28 04:35:31.426888','2023-04-30 02:09:15.569181','Kitchen','');
INSERT INTO "stock_shoppinghistory" VALUES(302,'penticton','2023-04-27',1,'Shiraga Onion',11,'p',1,'Veggie','2023-04-28 04:35:49.377627','2023-04-30 02:09:15.573669','Kitchen','');
INSERT INTO "stock_shoppinghistory" VALUES(303,'penticton','2023-04-27',1,'Raw Teriyaki chicken',192,'p',4,'Meat','2023-04-28 04:36:16.262115','2023-04-30 02:09:15.578317','Kitchen','');
INSERT INTO "stock_shoppinghistory" VALUES(304,'penticton','2023-04-27',1,'Shiokouji Chicken',20,'cs',1,'Meat','2023-04-28 04:36:52.421231','2023-04-30 02:09:15.582801','Kitchen','');
INSERT INTO "stock_shoppinghistory" VALUES(305,'penticton','2023-04-27',1,'Chicken soup',71.4,'p',3,'Sauce/Soup','2023-04-28 04:37:13.858126','2023-04-30 02:09:15.587377','Kitchen','');
INSERT INTO "stock_shoppinghistory" VALUES(306,'penticton','2023-04-27',1,'Teriyaki Sauce',15,'p',1,'Sauce/Soup','2023-04-28 04:37:33.422874','2023-04-30 02:09:15.592083','Kitchen','');
INSERT INTO "stock_shoppinghistory" VALUES(307,'penticton','2023-04-27',1,'Cold Ramen Spicy',17,'p',1,'Sauce/Soup','2023-04-28 04:38:04.359049','2023-04-30 02:09:15.598594','Kitchen','');
INSERT INTO "stock_shoppinghistory" VALUES(308,'penticton','2023-04-27',1,'Yakiniku-DON',46,'p',1,'Sauce/Soup','2023-04-28 04:38:27.211009','2023-04-30 02:09:15.603743','Kitchen','');
INSERT INTO "stock_shoppinghistory" VALUES(309,'penticton','2023-04-27',1,'Shrimp Tempura',88,'p',10,'F. Kitchen','2023-04-28 04:39:11.052462','2023-04-30 02:09:15.608443','Frozen','');
INSERT INTO "stock_shoppinghistory" VALUES(310,'penticton','2023-04-27',1,'Lemon slice',6,'p',1,'DU/Other','2023-04-28 04:39:11.078719','2023-04-30 02:09:15.614675','Sushi','');
INSERT INTO "stock_shoppinghistory" VALUES(311,'penticton','2023-04-27',1,'Sunonmono Cucumber',4,'p',1,'DU/Other','2023-04-28 04:39:11.089588','2023-04-30 02:09:15.620040','Sushi','');
INSERT INTO "stock_shoppinghistory" VALUES(312,'penticton','2023-04-27',1,'Edamame',10.5,'p',5,'F. Kitchen','2023-04-28 04:39:50.476123','2023-04-30 02:09:15.624126','Frozen','');
INSERT INTO "stock_shoppinghistory" VALUES(313,'penticton','2023-04-27',1,'To Go Sushi (Round Large)Body',14.4,'p',1,'Sushi (Big)','2023-04-28 04:40:01.483119','2023-04-30 02:09:15.629361','Container','');
INSERT INTO "stock_shoppinghistory" VALUES(314,'penticton','2023-04-27',1,'Ramen noodle',40.8,'cs',1,'F. Kitchen','2023-04-28 04:40:08.432487','2023-04-30 02:09:15.633498','Frozen','');
INSERT INTO "stock_shoppinghistory" VALUES(315,'penticton','2023-04-27',1,'To Go Sushi (Round Large) Lid',9.64,'p',1,'Sushi (Big)','2023-04-28 04:40:17.998457','2023-04-30 02:09:15.637662','Container','');
INSERT INTO "stock_shoppinghistory" VALUES(316,'penticton','2023-04-27',1,'Teriyaki noodle',36.5,'cs',1,'F. Kitchen','2023-04-28 04:40:30.230607','2023-04-30 02:09:15.641923','Frozen','');
INSERT INTO "stock_shoppinghistory" VALUES(317,'penticton','2023-04-27',1,'Printer roll',6,'p',3,'Office','2023-04-28 04:41:02.306360','2023-04-30 02:09:15.646231','Other','');
INSERT INTO "stock_shoppinghistory" VALUES(318,'penticton','2023-04-27',1,'Printer roll card',3.6,'p',3,'Office','2023-04-28 04:41:15.761405','2023-04-30 02:09:15.651057','Other','');
INSERT INTO "stock_shoppinghistory" VALUES(319,'penticton','2023-04-27',1,'smoked tofu',9,'p',2,'Tofu/ Other','2023-04-28 04:41:26.994394','2023-04-30 02:09:15.655389','Dry','');
INSERT INTO "stock_shoppinghistory" VALUES(320,'penticton','2023-04-27',1,'Tofu',5.4,'p',2,'Tofu/ Other','2023-04-28 04:42:43.200881','2023-04-30 02:09:15.660248','Dry','');
INSERT INTO "stock_shoppinghistory" VALUES(321,'penticton','2023-04-27',1,'Oikatsuo',19.8,'p',1,'Other','2023-04-28 04:43:06.201527','2023-04-30 02:09:15.664559','Dry','');
INSERT INTO "stock_shoppinghistory" VALUES(322,'penticton','2023-04-27',1,'Vegan sauce',55,'p',2,'Other','2023-04-28 04:43:40.646789','2023-04-30 02:09:15.668565','Dry','');
INSERT INTO "stock_shoppinghistory" VALUES(323,'penticton','2023-04-27',1,'Egg',11,'p',1,'Other','2023-04-28 04:43:57.753596','2023-04-30 02:09:15.675181','Dry','');
INSERT INTO "stock_shoppinghistory" VALUES(324,'penticton','2023-04-27',1,'Cup (8 oz )Body',7,'p',1,'Cup (Body)','2023-04-28 04:45:50.759426','2023-04-30 02:09:15.680380','Container','');
INSERT INTO "stock_shoppinghistory" VALUES(325,'penticton','2023-04-27',1,'Soup Cup (12oz) Body',9.2,'p',2,'Cup (Body)','2023-04-28 04:46:14.274029','2023-04-30 02:09:15.684960','Container','');
INSERT INTO "stock_shoppinghistory" VALUES(326,'penticton','2023-04-27',1,'Soup Cup (16oz) Body',12.2,'p',2,'Cup (Body)','2023-04-28 04:46:28.924890','2023-04-30 02:09:15.689148','Container','');
INSERT INTO "stock_shoppinghistory" VALUES(327,'penticton','2023-04-27',1,'To Go Ra-men (Body)',15,'p',1,'Other','2023-04-28 04:46:41.620280','2023-04-30 02:09:15.694263','Container','');
INSERT INTO "stock_shoppinghistory" VALUES(328,'penticton','2023-04-27',1,'Soup Cup (16 oz)Lid',11.2,'p',2,'Cup (Lid)','2023-04-28 04:46:55.748363','2023-04-30 02:09:15.698537','Container','');
INSERT INTO "stock_shoppinghistory" VALUES(329,'penticton','2023-04-27',1,'To Go Ra-men (Lid)',12,'p',1,'Other','2023-04-28 04:47:09.365985','2023-04-30 02:09:15.702514','Container','');
INSERT INTO "stock_shoppinghistory" VALUES(330,'penticton','2023-04-28',0,'Sunonmono Cucumber',4,'p',1,'DU/Other','2023-04-29 01:57:09.369494','2023-04-30 02:09:15.707006','Sushi','');
INSERT INTO "stock_shoppinghistory" VALUES(331,'penticton','2023-04-28',0,'Soy sauce take out',23.1,'cs',1,'Soy Sause','2023-04-29 01:57:34.643728','2023-04-30 02:09:15.711431','Dry','');
INSERT INTO "stock_shoppinghistory" VALUES(332,'penticton','2023-04-28',0,'Sapporo beer',17.5,'cs',1,'Alcohol','2023-04-29 02:02:39.617637','2023-04-30 02:09:15.715620','Drinks','');
INSERT INTO "stock_shoppinghistory" VALUES(333,'penticton','2023-04-28',0,'Chop Sticks',7,'p',2,'TO GO','2023-04-29 02:02:43.571086','2023-04-30 02:09:15.719545','Other','');
INSERT INTO "stock_shoppinghistory" VALUES(334,'penticton','2023-04-28',0,'Paper Napkin',5.5,'p',1,'TO GO','2023-04-29 02:02:59.865998','2023-04-30 02:09:15.725977','Other','');
INSERT INTO "stock_shoppinghistory" VALUES(335,'penticton','2023-04-28',0,'Fried Karaage',112.4,'p',2,'KOYA','2023-04-29 04:35:45.066016','2023-04-30 02:09:15.731219','Sushi','');
INSERT INTO "stock_shoppinghistory" VALUES(336,'penticton','2023-04-28',0,'Tempura Yam',25.6,'g',1,'KOYA','2023-04-29 04:36:00.631211','2023-04-30 02:09:15.736150','Sushi','');
INSERT INTO "stock_shoppinghistory" VALUES(337,'penticton','2023-04-28',0,'Mix Veggie',15,'p',1,'Veggie','2023-04-29 04:36:14.585480','2023-04-30 02:09:15.740164','Kitchen','');
INSERT INTO "stock_shoppinghistory" VALUES(338,'penticton','2023-04-28',0,'Green Onion(Ramen)',11.6,'p',2,'Veggie','2023-04-29 04:36:32.602093','2023-04-30 02:09:15.744564','Kitchen','');
INSERT INTO "stock_shoppinghistory" VALUES(339,'penticton','2023-04-28',0,'Raw Teriyaki chicken',192,'p',4,'Meat','2023-04-29 04:36:50.632992','2023-04-30 02:09:15.748770','Kitchen','');
INSERT INTO "stock_shoppinghistory" VALUES(340,'penticton','2023-04-28',0,'Cha-shu',42,'g',15,'Meat','2023-04-29 04:37:06.714489','2023-04-30 02:09:15.752944','Kitchen','');
INSERT INTO "stock_shoppinghistory" VALUES(341,'penticton','2023-04-28',0,'Chicken soup',23.8,'p',1,'Sauce/Soup','2023-04-29 04:37:20.812858','2023-04-30 02:09:15.757171','Kitchen','');
INSERT INTO "stock_shoppinghistory" VALUES(342,'penticton','2023-04-28',0,'Teriyaki Sauce',15,'p',1,'Sauce/Soup','2023-04-29 04:37:36.512619','2023-04-30 02:09:15.761245','Kitchen','');
INSERT INTO "stock_shoppinghistory" VALUES(343,'penticton','2023-04-28',0,'Miso Ramen Sauce',61,'p',1,'Sauce/Soup','2023-04-29 04:37:55.959198','2023-04-30 02:09:15.765472','Kitchen','');
INSERT INTO "stock_shoppinghistory" VALUES(344,'penticton','2023-04-28',0,'Shrimp Tempura',105.6,'p',12,'F. Kitchen','2023-04-29 04:38:21.172901','2023-04-30 02:09:15.769383','Frozen','');
INSERT INTO "stock_shoppinghistory" VALUES(345,'penticton','2023-04-28',0,'Ramen noodle',40.8,'cs',1,'F. Kitchen','2023-04-29 04:38:35.392987','2023-04-30 02:09:15.773235','Frozen','');
INSERT INTO "stock_shoppinghistory" VALUES(346,'penticton','2023-04-28',0,'Teriyaki noodle',36.5,'cs',1,'F. Kitchen','2023-04-29 04:38:51.903186','2023-04-30 02:09:15.777884','Frozen','');
INSERT INTO "stock_shoppinghistory" VALUES(347,'penticton','2023-04-28',0,'Udon',8.8,'p',1,'F. Kitchen','2023-04-29 04:39:06.192229','2023-04-30 02:09:15.781656','Frozen','');
INSERT INTO "stock_shoppinghistory" VALUES(348,'penticton','2023-04-28',0,'Harusame',7,'p',2,'Noodle','2023-04-29 04:39:18.534651','2023-04-30 02:09:15.785457','Dry','');
INSERT INTO "stock_shoppinghistory" VALUES(349,'penticton','2023-04-28',0,'smoked tofu',4.5,'p',1,'Tofu/ Other','2023-04-29 04:39:35.793166','2023-04-30 02:09:15.789478','Dry','');
INSERT INTO "stock_shoppinghistory" VALUES(350,'penticton','2023-04-28',0,'Tofu',2.7,'p',1,'Tofu/ Other','2023-04-29 04:39:52.705697','2023-04-30 02:09:15.795609','Dry','');
INSERT INTO "stock_shoppinghistory" VALUES(351,'penticton','2023-04-28',0,'Vegan sauce',27.5,'p',1,'Other','2023-04-29 04:40:16.855767','2023-04-30 02:09:15.800495','Dry','');
INSERT INTO "stock_shoppinghistory" VALUES(352,'penticton','2023-04-28',0,'Egg',11,'p',1,'Other','2023-04-29 04:40:40.909272','2023-04-30 02:09:15.806587','Dry','');
INSERT INTO "stock_shoppinghistory" VALUES(353,'penticton','2023-04-28',0,'Cup (8 oz )Body',7,'p',1,'Cup (Body)','2023-04-29 04:40:56.138856','2023-04-30 02:09:15.812343','Container','');
INSERT INTO "stock_shoppinghistory" VALUES(354,'penticton','2023-04-28',0,'Soup Cup (12oz) Body',9.2,'p',2,'Cup (Body)','2023-04-29 04:41:12.576867','2023-04-30 02:09:15.817366','Container','');
INSERT INTO "stock_shoppinghistory" VALUES(355,'penticton','2023-04-28',0,'To Go Rice Bowl (Body)',33,'p',1,'Other','2023-04-29 04:41:34.656691','2023-04-30 02:09:15.821669','Container','');
INSERT INTO "stock_shoppinghistory" VALUES(356,'penticton','2023-04-28',0,'Soup Cup (16 oz)Lid',5.6,'p',1,'Cup (Lid)','2023-04-29 04:41:50.897959','2023-04-30 02:09:15.826168','Container','');
INSERT INTO "stock_shoppinghistory" VALUES(357,'penticton','2023-04-28',0,'Kitchen Paper',2.16,'p',1,'Daily','2023-04-29 04:42:08.801346','2023-04-30 02:09:15.830616','Other','');
INSERT INTO "stock_shoppinghistory" VALUES(358,'penticton','2023-04-28',0,'Printer roll(kitchen)',2,'p',1,'Office','2023-04-29 04:42:40.058042','2023-04-30 02:09:15.835008','Other','');
INSERT INTO "stock_shoppinghistory" VALUES(359,'penticton','2023-04-28',0,'Cut Tuna',211.13,'g',4910,'Tuna','2023-04-29 04:51:11.112870','2023-04-30 02:09:15.838857','Sushi','');
INSERT INTO "stock_shoppinghistory" VALUES(360,'penticton','2023-04-28',0,'Cut WHOLE salmon',192,'g',6000,'Salmon','2023-04-29 04:51:27.179822','2023-04-30 02:09:15.843224','Sushi','');
INSERT INTO "stock_shoppinghistory" VALUES(361,'penticton','2023-04-28',0,'Avocado',4608,'cs',48,'Veggie','2023-04-29 04:51:47.646302','2023-04-30 02:09:15.847370','Sushi','');
INSERT INTO "stock_shoppinghistory" VALUES(362,'penticton','2023-04-28',0,'Cucumber(sushi)',23.7,'g',3,'Veggie','2023-04-29 04:52:00.759656','2023-04-30 02:09:15.851899','Sushi','');
INSERT INTO "stock_shoppinghistory" VALUES(363,'penticton','2023-04-28',0,'Lettuce(Poke)',20,'g',2,'Veggie','2023-04-29 04:52:29.249389','2023-04-30 02:09:15.855985','Sushi','');
INSERT INTO "stock_shoppinghistory" VALUES(364,'penticton','2023-04-28',0,'Cucumber（Poke）',5,'p',1,'Veggie','2023-04-29 04:52:50.630700','2023-04-30 02:09:15.860030','Sushi','');
INSERT INTO "stock_shoppinghistory" VALUES(365,'penticton','2023-04-28',0,'Pickled carrots',9,'p',1,'DU/Other','2023-04-29 04:53:09.226868','2023-04-30 02:09:15.864007','Sushi','');
INSERT INTO "stock_shoppinghistory" VALUES(366,'west','2023-04-28',0,'Green Onion(Ramen)',5.8,'p',1,'Veggie','2023-04-29 04:53:38.485291','2023-04-30 02:09:15.867942','Kitchen','');
INSERT INTO "stock_shoppinghistory" VALUES(367,'penticton','2023-04-28',0,'Sushi rice',85,'p',5,'DU/Other','2023-04-29 04:53:38.497218','2023-04-30 02:09:15.871848','Sushi','');
INSERT INTO "stock_shoppinghistory" VALUES(368,'west','2023-04-28',0,'Shiraga Onion',11,'p',1,'Veggie','2023-04-29 04:53:52.583209','2023-04-30 02:09:15.875992','Kitchen','');
INSERT INTO "stock_shoppinghistory" VALUES(369,'penticton','2023-04-28',0,'Imitation Crab',23.6,'p',2,'DU/Other','2023-04-29 04:54:00.126599','2023-04-30 02:09:15.880161','Sushi','');
INSERT INTO "stock_shoppinghistory" VALUES(370,'penticton','2023-04-28',0,'Imitation Crab',23.6,'p',2,'DU/Other','2023-04-29 04:54:00.721083','2023-04-30 02:09:15.884942','Sushi','');
INSERT INTO "stock_shoppinghistory" VALUES(371,'west','2023-04-28',0,'Raw Karaage',47.5,'p',1,'Meat','2023-04-29 04:54:31.799898','2023-04-30 02:09:15.890507','Kitchen','');
INSERT INTO "stock_shoppinghistory" VALUES(372,'west','2023-04-28',0,'Raw Karaage',47.5,'p',1,'Meat','2023-04-29 04:54:31.814024','2023-04-30 02:09:15.895260','Kitchen','');
INSERT INTO "stock_shoppinghistory" VALUES(373,'penticton','2023-04-28',0,'Real crab',96.3,'p',1,'F. Sushi','2023-04-29 04:54:31.825544','2023-04-30 02:09:15.899457','Frozen','');
INSERT INTO "stock_shoppinghistory" VALUES(374,'penticton','2023-04-28',0,'Nori(half)',35.2,'p',2,'Nori/ Other','2023-04-29 04:54:55.947336','2023-04-30 02:09:15.905715','Dry','');
INSERT INTO "stock_shoppinghistory" VALUES(375,'penticton','2023-04-28',0,'Cream cheese',6,'p',1,'Tofu/ Other','2023-04-29 04:55:07.545294','2023-04-30 02:09:15.910072','Dry','');
INSERT INTO "stock_shoppinghistory" VALUES(376,'west','2023-04-28',0,'Raw Teriyaki chicken',48,'p',1,'Meat','2023-04-29 04:55:12.816013','2023-04-30 02:09:15.914553','Kitchen','');
INSERT INTO "stock_shoppinghistory" VALUES(377,'penticton','2023-04-28',0,'Gloves(Poli）',3.48,'p',1,'Daily','2023-04-29 04:55:26.565375','2023-04-30 02:09:15.918792','Other','');
INSERT INTO "stock_shoppinghistory" VALUES(378,'west','2023-04-28',0,'Chicken soup',23.8,'p',1,'Sauce/Soup','2023-04-29 04:56:04.008296','2023-04-30 02:09:15.923302','Kitchen','');
INSERT INTO "stock_shoppinghistory" VALUES(379,'west','2023-04-28',0,'Shrimp Tempura',44,'p',5,'F. Kitchen','2023-04-29 04:56:19.139615','2023-04-30 02:09:15.927284','Frozen','');
INSERT INTO "stock_shoppinghistory" VALUES(380,'west','2023-04-28',0,'Cornstarch',12,'p',1,'Flour/ Other','2023-04-29 04:56:35.411942','2023-04-30 02:09:15.931263','Dry','');
INSERT INTO "stock_shoppinghistory" VALUES(381,'penticton','2023-04-28',0,'Sushi TOGO (Double)',39,'p',1,'Sushi (Body)','2023-04-29 04:56:39.703921','2023-04-30 02:09:15.935419','Container','');
INSERT INTO "stock_shoppinghistory" VALUES(382,'west','2023-04-28',0,'Oikatsuo',19.8,'p',1,'Other','2023-04-29 04:56:50.144720','2023-04-30 02:09:15.939443','Dry','');
INSERT INTO "stock_shoppinghistory" VALUES(383,'west','2023-04-28',0,'Vegan sauce',27.5,'p',1,'Other','2023-04-29 04:57:03.282354','2023-04-30 02:09:15.943767','Dry','');
INSERT INTO "stock_shoppinghistory" VALUES(384,'west','2023-04-28',0,'To Go Ra-men (Body)',15,'p',1,'Other','2023-04-29 04:57:38.090290','2023-04-30 02:09:15.947781','Container','');
INSERT INTO "stock_shoppinghistory" VALUES(385,'west','2023-04-28',0,'To Go Ra-men (Lid)',12,'p',1,'Other','2023-04-29 04:57:53.404962','2023-04-30 02:09:15.952157','Container','');
INSERT INTO "stock_shoppinghistory" VALUES(386,'west','2023-04-28',0,'Sponge',6,'cs',1,'Cleaning','2023-04-29 04:58:17.038086','2023-04-30 02:09:15.956636','Other','');
INSERT INTO "stock_shoppinghistory" VALUES(387,'west','2023-04-28',0,'Avocado',96,'cs',1,'Veggie','2023-04-29 05:54:38.123987','2023-04-30 02:09:15.961203','Sushi','');
INSERT INTO "stock_shoppinghistory" VALUES(388,'west','2023-04-28',0,'Cucumber(sushi)',23.7,'g',3,'Veggie','2023-04-29 05:54:59.598202','2023-04-30 02:09:15.965499','Sushi','');
INSERT INTO "stock_shoppinghistory" VALUES(389,'west','2023-04-28',0,'Lettuce(Poke)',10,'g',1,'Veggie','2023-04-29 05:55:14.002061','2023-04-30 02:09:15.969670','Sushi','');
INSERT INTO "stock_shoppinghistory" VALUES(390,'west','2023-04-28',0,'Cucumber（Poke）',5,'p',1,'Veggie','2023-04-29 05:55:45.133763','2023-04-30 02:09:15.973717','Sushi','');
INSERT INTO "stock_shoppinghistory" VALUES(391,'west','2023-04-28',0,'Green Onion(Sushi)',5.8,'g',1,'Veggie','2023-04-29 05:56:02.107636','2023-04-30 02:09:15.977872','Sushi','');
INSERT INTO "stock_shoppinghistory" VALUES(392,'west','2023-04-28',0,'Pickled carrots',9,'p',1,'DU/Other','2023-04-29 05:56:19.585165','2023-04-30 02:09:15.982217','Sushi','');
INSERT INTO "stock_shoppinghistory" VALUES(393,'west','2023-04-28',0,'Sushi rice',51,'p',3,'DU/Other','2023-04-29 05:56:38.127171','2023-04-30 02:09:15.986826','Sushi','');
INSERT INTO "stock_shoppinghistory" VALUES(394,'west','2023-04-28',0,'Imitation Crab',11.8,'p',1,'DU/Other','2023-04-29 05:56:57.353715','2023-04-30 02:09:15.991031','Sushi','');
INSERT INTO "stock_shoppinghistory" VALUES(395,'west','2023-04-28',0,'smoked tofu',4.5,'p',1,'Tofu/ Other','2023-04-29 05:58:24.360092','2023-04-30 02:09:15.995024','Dry','');
INSERT INTO "stock_shoppinghistory" VALUES(396,'west','2023-04-28',0,'To Go Sushi (Round Large)Body',14.4,'p',1,'Sushi (Big)','2023-04-29 05:59:46.002182','2023-04-30 02:09:15.999163','Container','');
INSERT INTO "stock_shoppinghistory" VALUES(397,'west','2023-04-28',0,'To Go Sushi (Round Large) Lid',9.64,'p',1,'Sushi (Big)','2023-04-29 06:00:04.033911','2023-04-30 02:09:16.005157','Container','');
INSERT INTO "stock_shoppinghistory" VALUES(398,'west','2023-04-28',0,'Sapporo beer',35,'cs',2,'Alcohol','2023-04-29 06:07:53.495634','2023-04-30 02:09:16.010304','Drinks','');
INSERT INTO "stock_shoppinghistory" VALUES(399,'west','2023-04-28',0,'Sauce Cup (1.5/2oz)Body',2.6,'p',1,'Cup (Body)','2023-04-29 06:10:53.285674','2023-04-30 02:09:16.014159','Container','');
INSERT INTO "stock_shoppinghistory" VALUES(400,'west','2023-04-28',0,'Printer roll card',1.2,'p',1,'Office','2023-04-29 06:12:13.123538','2023-04-30 02:09:16.018537','Other','');
CREATE UNIQUE INDEX "auth_group_permissions_group_id_permission_id_0cd325b0_uniq" ON "auth_group_permissions" ("group_id", "permission_id");
CREATE INDEX IF NOT EXISTS "auth_group_permissions_group_id_b120cbf9" ON "auth_group_permissions" ("group_id");
CREATE INDEX IF NOT EXISTS "auth_group_permissions_permission_id_84c5c92e" ON "auth_group_permissions" ("permission_id");
CREATE UNIQUE INDEX "auth_user_groups_user_id_group_id_94350c0c_uniq" ON "auth_user_groups" ("user_id", "group_id");
CREATE INDEX IF NOT EXISTS "auth_user_groups_user_id_6a12ed8b" ON "auth_user_groups" ("user_id");
CREATE INDEX IF NOT EXISTS "auth_user_groups_group_id_97559544" ON "auth_user_groups" ("group_id");
CREATE UNIQUE INDEX "auth_user_user_permissions_user_id_permission_id_14a6b632_uniq" ON "auth_user_user_permissions" ("user_id", "permission_id");
CREATE INDEX IF NOT EXISTS "auth_user_user_permissions_user_id_a95ead1b" ON "auth_user_user_permissions" ("user_id");
CREATE INDEX IF NOT EXISTS "auth_user_user_permissions_permission_id_1fbb5f2c" ON "auth_user_user_permissions" ("permission_id");
CREATE INDEX IF NOT EXISTS "django_admin_log_content_type_id_c4bce8eb" ON "django_admin_log" ("content_type_id");
CREATE INDEX IF NOT EXISTS "django_admin_log_user_id_c564eba6" ON "django_admin_log" ("user_id");
CREATE UNIQUE INDEX "django_content_type_app_label_model_76bd3d3b_uniq" ON "django_content_type" ("app_label", "model");
CREATE UNIQUE INDEX "auth_permission_content_type_id_codename_01ab375a_uniq" ON "auth_permission" ("content_type_id", "codename");
CREATE INDEX IF NOT EXISTS "auth_permission_content_type_id_2f476e4b" ON "auth_permission" ("content_type_id");
CREATE INDEX IF NOT EXISTS "django_session_expire_date_a5c62663" ON "django_session" ("expire_date");
CREATE INDEX IF NOT EXISTS "stock_purchasehistory_item_id_cf23b926" ON "stock_purchasehistory" ("item_id");
CREATE INDEX IF NOT EXISTS "stock_item_parent_id_2d0db498" ON "stock_item" ("parent_id");
CREATE INDEX IF NOT EXISTS "stock_warehouse_material_id_b77f0fd8" ON "stock_warehouse" ("material_id");
CREATE UNIQUE INDEX "stock_material_role_material_id_role_id_7aaba6fc_uniq" ON "stock_material_role" ("material_id", "role_id");
CREATE INDEX IF NOT EXISTS "stock_material_role_material_id_9dd0cc85" ON "stock_material_role" ("material_id");
CREATE INDEX IF NOT EXISTS "stock_material_role_role_id_ee7e0052" ON "stock_material_role" ("role_id");
CREATE UNIQUE INDEX "stock_shoppinghistory_role_shoppinghistory_id_role_id_ea48a7bb_uniq" ON "stock_shoppinghistory_role" ("shoppinghistory_id", "role_id");
CREATE INDEX IF NOT EXISTS "stock_shoppinghistory_role_shoppinghistory_id_e1839bdd" ON "stock_shoppinghistory_role" ("shoppinghistory_id");
CREATE INDEX IF NOT EXISTS "stock_shoppinghistory_role_role_id_81d25ce9" ON "stock_shoppinghistory_role" ("role_id");
CREATE INDEX IF NOT EXISTS "stock_material_item_id_d564d6b7" ON "stock_material" ("item_id");
CREATE TABLE IF NOT EXISTS "stock_shoppinghistory_role" ("id" integer NOT NULL PRIMARY KEY AUTOINCREMENT, "shoppinghistory_id" bigint NOT NULL REFERENCES "stock_shoppinghistory" ("id") DEFERRABLE INITIALLY DEFERRED, "role_id" bigint NOT NULL REFERENCES "stock_role" ("id") DEFERRABLE INITIALLY DEFERRED);
CREATE UNIQUE INDEX "auth_group_permissions_group_id_permission_id_0cd325b0_uniq" ON "auth_group_permissions" ("group_id", "permission_id");
CREATE INDEX IF NOT EXISTS "auth_group_permissions_group_id_b120cbf9" ON "auth_group_permissions" ("group_id");
CREATE INDEX IF NOT EXISTS "auth_group_permissions_permission_id_84c5c92e" ON "auth_group_permissions" ("permission_id");
CREATE UNIQUE INDEX "auth_user_groups_user_id_group_id_94350c0c_uniq" ON "auth_user_groups" ("user_id", "group_id");
CREATE INDEX IF NOT EXISTS "auth_user_groups_user_id_6a12ed8b" ON "auth_user_groups" ("user_id");
CREATE INDEX IF NOT EXISTS "auth_user_groups_group_id_97559544" ON "auth_user_groups" ("group_id");
CREATE UNIQUE INDEX "auth_user_user_permissions_user_id_permission_id_14a6b632_uniq" ON "auth_user_user_permissions" ("user_id", "permission_id");
CREATE INDEX IF NOT EXISTS "auth_user_user_permissions_user_id_a95ead1b" ON "auth_user_user_permissions" ("user_id");
CREATE INDEX IF NOT EXISTS "auth_user_user_permissions_permission_id_1fbb5f2c" ON "auth_user_user_permissions" ("permission_id");
CREATE INDEX IF NOT EXISTS "django_admin_log_content_type_id_c4bce8eb" ON "django_admin_log" ("content_type_id");
CREATE INDEX IF NOT EXISTS "django_admin_log_user_id_c564eba6" ON "django_admin_log" ("user_id");
CREATE UNIQUE INDEX "django_content_type_app_label_model_76bd3d3b_uniq" ON "django_content_type" ("app_label", "model");
CREATE UNIQUE INDEX "auth_permission_content_type_id_codename_01ab375a_uniq" ON "auth_permission" ("content_type_id", "codename");
CREATE INDEX IF NOT EXISTS "auth_permission_content_type_id_2f476e4b" ON "auth_permission" ("content_type_id");
CREATE INDEX IF NOT EXISTS "django_session_expire_date_a5c62663" ON "django_session" ("expire_date");
CREATE INDEX IF NOT EXISTS "stock_purchasehistory_item_id_cf23b926" ON "stock_purchasehistory" ("item_id");
CREATE INDEX IF NOT EXISTS "stock_item_parent_id_2d0db498" ON "stock_item" ("parent_id");
CREATE INDEX IF NOT EXISTS "stock_warehouse_material_id_b77f0fd8" ON "stock_warehouse" ("material_id");
CREATE UNIQUE INDEX "stock_material_role_material_id_role_id_7aaba6fc_uniq" ON "stock_material_role" ("material_id", "role_id");
CREATE INDEX IF NOT EXISTS "stock_material_role_material_id_9dd0cc85" ON "stock_material_role" ("material_id");
CREATE INDEX IF NOT EXISTS "stock_material_role_role_id_ee7e0052" ON "stock_material_role" ("role_id");
CREATE UNIQUE INDEX "stock_shoppinghistory_role_shoppinghistory_id_role_id_ea48a7bb_uniq" ON "stock_shoppinghistory_role" ("shoppinghistory_id", "role_id");
CREATE INDEX IF NOT EXISTS "stock_shoppinghistory_role_shoppinghistory_id_e1839bdd" ON "stock_shoppinghistory_role" ("shoppinghistory_id");
CREATE INDEX IF NOT EXISTS "stock_shoppinghistory_role_role_id_81d25ce9" ON "stock_shoppinghistory_role" ("role_id");
CREATE INDEX IF NOT EXISTS "stock_material_item_id_d564d6b7" ON "stock_material" ("item_id");
CREATE TABLE IF NOT EXISTS "stock_warehouse" ("id" integer NOT NULL PRIMARY KEY AUTOINCREMENT, "material_id" bigint NOT NULL REFERENCES "stock_material" ("id") DEFERRABLE INITIALLY DEFERRED, "num" decimal NULL);
INSERT INTO "stock_warehouse" VALUES(6,227,-114996);
INSERT INTO "stock_warehouse" VALUES(7,227,-5693.61);
INSERT INTO "stock_warehouse" VALUES(8,227,55);
INSERT INTO "stock_warehouse" VALUES(9,227,-27019);
INSERT INTO "stock_warehouse" VALUES(10,227,-11);
INSERT INTO "stock_warehouse" VALUES(11,227,-4);
INSERT INTO "stock_warehouse" VALUES(12,227,-24);
INSERT INTO "stock_warehouse" VALUES(13,227,-6);
INSERT INTO "stock_warehouse" VALUES(14,227,-8);
INSERT INTO "stock_warehouse" VALUES(15,227,-16);
INSERT INTO "stock_warehouse" VALUES(16,227,-10);
INSERT INTO "stock_warehouse" VALUES(17,227,-5);
INSERT INTO "stock_warehouse" VALUES(18,227,-25);
INSERT INTO "stock_warehouse" VALUES(19,227,-7);
INSERT INTO "stock_warehouse" VALUES(20,227,-27020);
INSERT INTO "stock_warehouse" VALUES(21,227,-13);
INSERT INTO "stock_warehouse" VALUES(22,227,-7);
INSERT INTO "stock_warehouse" VALUES(23,227,-24);
INSERT INTO "stock_warehouse" VALUES(24,227,-5);
INSERT INTO "stock_warehouse" VALUES(25,227,-6);
INSERT INTO "stock_warehouse" VALUES(26,227,-10);
INSERT INTO "stock_warehouse" VALUES(27,227,-17);
INSERT INTO "stock_warehouse" VALUES(28,227,-5);
INSERT INTO "stock_warehouse" VALUES(29,227,-7);
INSERT INTO "stock_warehouse" VALUES(30,227,-8);
INSERT INTO "stock_warehouse" VALUES(31,227,-7);
INSERT INTO "stock_warehouse" VALUES(32,227,0);
INSERT INTO "stock_warehouse" VALUES(33,227,0);
INSERT INTO "stock_warehouse" VALUES(34,227,-22);
INSERT INTO "stock_warehouse" VALUES(35,227,-13);
INSERT INTO "stock_warehouse" VALUES(36,227,-8);
INSERT INTO "stock_warehouse" VALUES(37,227,-3);
INSERT INTO "stock_warehouse" VALUES(38,227,-6.5);
INSERT INTO "stock_warehouse" VALUES(39,227,-1);
INSERT INTO "stock_warehouse" VALUES(40,227,-16);
INSERT INTO "stock_warehouse" VALUES(41,227,-13);
INSERT INTO "stock_warehouse" VALUES(42,227,-4);
INSERT INTO "stock_warehouse" VALUES(43,227,-64);
INSERT INTO "stock_warehouse" VALUES(44,227,-6);
INSERT INTO "stock_warehouse" VALUES(45,227,-3);
INSERT INTO "stock_warehouse" VALUES(46,227,-6);
INSERT INTO "stock_warehouse" VALUES(47,227,-3);
INSERT INTO "stock_warehouse" VALUES(48,227,-2);
INSERT INTO "stock_warehouse" VALUES(49,227,-7);
INSERT INTO "stock_warehouse" VALUES(50,227,-4);
INSERT INTO "stock_warehouse" VALUES(51,227,-11);
INSERT INTO "stock_warehouse" VALUES(52,227,-7);
INSERT INTO "stock_warehouse" VALUES(53,227,-3);
INSERT INTO "stock_warehouse" VALUES(54,227,-8);
INSERT INTO "stock_warehouse" VALUES(55,227,-3);
INSERT INTO "stock_warehouse" VALUES(56,227,-4);
INSERT INTO "stock_warehouse" VALUES(57,227,-1);
INSERT INTO "stock_warehouse" VALUES(58,227,-2);
INSERT INTO "stock_warehouse" VALUES(59,227,-7);
INSERT INTO "stock_warehouse" VALUES(60,227,-7);
INSERT INTO "stock_warehouse" VALUES(61,227,-6);
INSERT INTO "stock_warehouse" VALUES(62,227,-3);
INSERT INTO "stock_warehouse" VALUES(63,227,-1);
INSERT INTO "stock_warehouse" VALUES(64,227,-8);
INSERT INTO "stock_warehouse" VALUES(65,227,-45);
INSERT INTO "stock_warehouse" VALUES(66,227,-17);
INSERT INTO "stock_warehouse" VALUES(67,227,-5);
INSERT INTO "stock_warehouse" VALUES(68,227,-1);
INSERT INTO "stock_warehouse" VALUES(69,227,-99);
INSERT INTO "stock_warehouse" VALUES(70,227,-1);
INSERT INTO "stock_warehouse" VALUES(71,227,-5);
INSERT INTO "stock_warehouse" VALUES(72,227,-4);
INSERT INTO "stock_warehouse" VALUES(73,227,-2);
INSERT INTO "stock_warehouse" VALUES(74,227,-4);
INSERT INTO "stock_warehouse" VALUES(75,227,-1);
INSERT INTO "stock_warehouse" VALUES(76,227,-1);
INSERT INTO "stock_warehouse" VALUES(77,227,-1);
INSERT INTO "stock_warehouse" VALUES(78,227,-1);
INSERT INTO "stock_warehouse" VALUES(79,227,-1);
INSERT INTO "stock_warehouse" VALUES(80,227,-1);
INSERT INTO "stock_warehouse" VALUES(81,227,-2);
INSERT INTO "stock_warehouse" VALUES(82,227,-1);
INSERT INTO "stock_warehouse" VALUES(83,227,-3);
INSERT INTO "stock_warehouse" VALUES(84,227,-1);
INSERT INTO "stock_warehouse" VALUES(85,227,-1);
INSERT INTO "stock_warehouse" VALUES(86,227,-5);
INSERT INTO "stock_warehouse" VALUES(87,227,-11);
INSERT INTO "stock_warehouse" VALUES(88,227,-2);
INSERT INTO "stock_warehouse" VALUES(89,227,-3);
INSERT INTO "stock_warehouse" VALUES(90,227,-3);
INSERT INTO "stock_warehouse" VALUES(91,227,-4);
INSERT INTO "stock_warehouse" VALUES(92,227,-3);
INSERT INTO "stock_warehouse" VALUES(93,227,-1);
INSERT INTO "stock_warehouse" VALUES(94,227,-3.5);
INSERT INTO "stock_warehouse" VALUES(95,227,-3);
INSERT INTO "stock_warehouse" VALUES(96,227,-4);
INSERT INTO "stock_warehouse" VALUES(97,227,-1);
INSERT INTO "stock_warehouse" VALUES(98,227,-1);
INSERT INTO "stock_warehouse" VALUES(99,227,-2);
INSERT INTO "stock_warehouse" VALUES(100,227,-1);
INSERT INTO "stock_warehouse" VALUES(101,227,-4);
INSERT INTO "stock_warehouse" VALUES(102,227,-1);
INSERT INTO "stock_warehouse" VALUES(103,227,-7);
INSERT INTO "stock_warehouse" VALUES(104,227,-3);
INSERT INTO "stock_warehouse" VALUES(105,227,-1);
INSERT INTO "stock_warehouse" VALUES(106,227,-1);
INSERT INTO "stock_warehouse" VALUES(107,227,-1);
INSERT INTO "stock_warehouse" VALUES(108,227,-1);
INSERT INTO "stock_warehouse" VALUES(109,227,-1);
INSERT INTO "stock_warehouse" VALUES(110,227,-1);
INSERT INTO "stock_warehouse" VALUES(111,227,-1);
INSERT INTO "stock_warehouse" VALUES(112,227,-2);
INSERT INTO "stock_warehouse" VALUES(113,227,-2);
INSERT INTO "stock_warehouse" VALUES(114,227,-2);
INSERT INTO "stock_warehouse" VALUES(115,227,-2);
INSERT INTO "stock_warehouse" VALUES(116,227,-1);
INSERT INTO "stock_warehouse" VALUES(117,227,-1);
INSERT INTO "stock_warehouse" VALUES(118,227,-1);
INSERT INTO "stock_warehouse" VALUES(119,227,-1);
INSERT INTO "stock_warehouse" VALUES(120,227,-1);
CREATE UNIQUE INDEX "auth_group_permissions_group_id_permission_id_0cd325b0_uniq" ON "auth_group_permissions" ("group_id", "permission_id");
CREATE INDEX IF NOT EXISTS "auth_group_permissions_group_id_b120cbf9" ON "auth_group_permissions" ("group_id");
CREATE INDEX IF NOT EXISTS "auth_group_permissions_permission_id_84c5c92e" ON "auth_group_permissions" ("permission_id");
CREATE UNIQUE INDEX "auth_user_groups_user_id_group_id_94350c0c_uniq" ON "auth_user_groups" ("user_id", "group_id");
CREATE INDEX IF NOT EXISTS "auth_user_groups_user_id_6a12ed8b" ON "auth_user_groups" ("user_id");
CREATE INDEX IF NOT EXISTS "auth_user_groups_group_id_97559544" ON "auth_user_groups" ("group_id");
CREATE UNIQUE INDEX "auth_user_user_permissions_user_id_permission_id_14a6b632_uniq" ON "auth_user_user_permissions" ("user_id", "permission_id");
CREATE INDEX IF NOT EXISTS "auth_user_user_permissions_user_id_a95ead1b" ON "auth_user_user_permissions" ("user_id");
CREATE INDEX IF NOT EXISTS "auth_user_user_permissions_permission_id_1fbb5f2c" ON "auth_user_user_permissions" ("permission_id");
CREATE INDEX IF NOT EXISTS "django_admin_log_content_type_id_c4bce8eb" ON "django_admin_log" ("content_type_id");
CREATE INDEX IF NOT EXISTS "django_admin_log_user_id_c564eba6" ON "django_admin_log" ("user_id");
CREATE UNIQUE INDEX "django_content_type_app_label_model_76bd3d3b_uniq" ON "django_content_type" ("app_label", "model");
CREATE UNIQUE INDEX "auth_permission_content_type_id_codename_01ab375a_uniq" ON "auth_permission" ("content_type_id", "codename");
CREATE INDEX IF NOT EXISTS "auth_permission_content_type_id_2f476e4b" ON "auth_permission" ("content_type_id");
CREATE INDEX IF NOT EXISTS "django_session_expire_date_a5c62663" ON "django_session" ("expire_date");
CREATE INDEX IF NOT EXISTS "stock_purchasehistory_item_id_cf23b926" ON "stock_purchasehistory" ("item_id");
CREATE INDEX IF NOT EXISTS "stock_item_parent_id_2d0db498" ON "stock_item" ("parent_id");
CREATE INDEX IF NOT EXISTS "stock_warehouse_material_id_b77f0fd8" ON "stock_warehouse" ("material_id");
CREATE UNIQUE INDEX "stock_material_role_material_id_role_id_7aaba6fc_uniq" ON "stock_material_role" ("material_id", "role_id");
CREATE INDEX IF NOT EXISTS "stock_material_role_material_id_9dd0cc85" ON "stock_material_role" ("material_id");
CREATE INDEX IF NOT EXISTS "stock_material_role_role_id_ee7e0052" ON "stock_material_role" ("role_id");
CREATE UNIQUE INDEX "stock_shoppinghistory_role_shoppinghistory_id_role_id_ea48a7bb_uniq" ON "stock_shoppinghistory_role" ("shoppinghistory_id", "role_id");
CREATE INDEX IF NOT EXISTS "stock_shoppinghistory_role_shoppinghistory_id_e1839bdd" ON "stock_shoppinghistory_role" ("shoppinghistory_id");
CREATE INDEX IF NOT EXISTS "stock_shoppinghistory_role_role_id_81d25ce9" ON "stock_shoppinghistory_role" ("role_id");
CREATE INDEX IF NOT EXISTS "stock_material_item_id_d564d6b7" ON "stock_material" ("item_id");
CREATE TABLE IF NOT EXISTS "stock_warehousehistory" ("id" integer NOT NULL PRIMARY KEY AUTOINCREMENT, "target_name" varchar(255) NOT NULL, "value" decimal NULL, "num" decimal NULL, "material_name" varchar(255) NOT NULL, "material_item_name" varchar(255) NOT NULL, "material_unit" varchar(255) NOT NULL, "date" date NOT NULL, "is_send" bool NULL, "created_at" datetime NOT NULL, "updated_at" datetime NOT NULL);
CREATE UNIQUE INDEX "auth_group_permissions_group_id_permission_id_0cd325b0_uniq" ON "auth_group_permissions" ("group_id", "permission_id");
CREATE INDEX IF NOT EXISTS "auth_group_permissions_group_id_b120cbf9" ON "auth_group_permissions" ("group_id");
CREATE INDEX IF NOT EXISTS "auth_group_permissions_permission_id_84c5c92e" ON "auth_group_permissions" ("permission_id");
CREATE UNIQUE INDEX "auth_user_groups_user_id_group_id_94350c0c_uniq" ON "auth_user_groups" ("user_id", "group_id");
CREATE INDEX IF NOT EXISTS "auth_user_groups_user_id_6a12ed8b" ON "auth_user_groups" ("user_id");
CREATE INDEX IF NOT EXISTS "auth_user_groups_group_id_97559544" ON "auth_user_groups" ("group_id");
CREATE UNIQUE INDEX "auth_user_user_permissions_user_id_permission_id_14a6b632_uniq" ON "auth_user_user_permissions" ("user_id", "permission_id");
CREATE INDEX IF NOT EXISTS "auth_user_user_permissions_user_id_a95ead1b" ON "auth_user_user_permissions" ("user_id");
CREATE INDEX IF NOT EXISTS "auth_user_user_permissions_permission_id_1fbb5f2c" ON "auth_user_user_permissions" ("permission_id");
CREATE INDEX IF NOT EXISTS "django_admin_log_content_type_id_c4bce8eb" ON "django_admin_log" ("content_type_id");
CREATE INDEX IF NOT EXISTS "django_admin_log_user_id_c564eba6" ON "django_admin_log" ("user_id");
CREATE UNIQUE INDEX "django_content_type_app_label_model_76bd3d3b_uniq" ON "django_content_type" ("app_label", "model");
CREATE UNIQUE INDEX "auth_permission_content_type_id_codename_01ab375a_uniq" ON "auth_permission" ("content_type_id", "codename");
CREATE INDEX IF NOT EXISTS "auth_permission_content_type_id_2f476e4b" ON "auth_permission" ("content_type_id");
CREATE INDEX IF NOT EXISTS "django_session_expire_date_a5c62663" ON "django_session" ("expire_date");
CREATE INDEX IF NOT EXISTS "stock_purchasehistory_item_id_cf23b926" ON "stock_purchasehistory" ("item_id");
CREATE INDEX IF NOT EXISTS "stock_item_parent_id_2d0db498" ON "stock_item" ("parent_id");
CREATE INDEX IF NOT EXISTS "stock_warehouse_material_id_b77f0fd8" ON "stock_warehouse" ("material_id");
CREATE UNIQUE INDEX "stock_material_role_material_id_role_id_7aaba6fc_uniq" ON "stock_material_role" ("material_id", "role_id");
CREATE INDEX IF NOT EXISTS "stock_material_role_material_id_9dd0cc85" ON "stock_material_role" ("material_id");
CREATE INDEX IF NOT EXISTS "stock_material_role_role_id_ee7e0052" ON "stock_material_role" ("role_id");
CREATE UNIQUE INDEX "stock_shoppinghistory_role_shoppinghistory_id_role_id_ea48a7bb_uniq" ON "stock_shoppinghistory_role" ("shoppinghistory_id", "role_id");
CREATE INDEX IF NOT EXISTS "stock_shoppinghistory_role_shoppinghistory_id_e1839bdd" ON "stock_shoppinghistory_role" ("shoppinghistory_id");
CREATE INDEX IF NOT EXISTS "stock_shoppinghistory_role_role_id_81d25ce9" ON "stock_shoppinghistory_role" ("role_id");
CREATE INDEX IF NOT EXISTS "stock_material_item_id_d564d6b7" ON "stock_material" ("item_id");
